/*
Navicat MySQL Data Transfer

Source Server         : 本机
Source Server Version : 50067
Source Host           : localhost:3306
Source Database       : springboot-fast

Target Server Type    : MYSQL
Target Server Version : 50067
File Encoding         : 65001

Date: 2018-07-27 22:02:30
*/

SET FOREIGN_KEY_CHECKS=0;

-- ----------------------------
-- Table structure for `t_dict_info`
-- ----------------------------
DROP TABLE IF EXISTS `t_dict_info`;
CREATE TABLE `t_dict_info` (
  `dict_id` varchar(50) NOT NULL COMMENT '主键',
  `p_dict_id` varchar(50) default NULL COMMENT '上级编号',
  `dict_type` char(2) default NULL COMMENT '字典类型 0 类型 1 明细',
  `dict_code` varchar(50) default NULL COMMENT '字典编码',
  `dict_name` varchar(50) default NULL COMMENT '字典名称',
  `dict_key` varchar(50) default NULL COMMENT '字典Key',
  `dict_val` varchar(50) default NULL COMMENT '字典Val',
  `dict_state` char(4) default NULL COMMENT '字典状态 0禁用1启用',
  `dict_sort` int(11) default NULL COMMENT '排序',
  `create_time` bigint(20) default NULL COMMENT '创建时间',
  `create_user_id` varchar(36) default NULL COMMENT '创建人',
  `update_time` bigint(20) default NULL COMMENT '更新时间',
  `update_user_id` varchar(36) default NULL COMMENT '更新人',
  `delete_flag` int(11) default NULL COMMENT '软删除标识 0已删除 1未删除',
  PRIMARY KEY  (`dict_id`)
) ENGINE=InnoDB DEFAULT CHARSET=utf8 COMMENT='数据字典';

-- ----------------------------
-- Records of t_dict_info
-- ----------------------------
INSERT INTO `t_dict_info` VALUES ('1529486841118986029', '0', '0', 'dicSex', '性别', null, null, 'on', '1', '1529486841119', '1527580959722606112', '1529632599571', '1527580959722606112', '1');
INSERT INTO `t_dict_info` VALUES ('1529486857665851586', '1529486841118986029', '1', null, '男', '0', '男', 'on', '1', '1529486857665', '1527580959722606112', '1529632648483', '1527580959722606112', '1');
INSERT INTO `t_dict_info` VALUES ('1529486881529364961', '1529486841118986029', '1', null, '女', '1', '女', 'on', '2', '1529486881530', '1527580959722606112', null, null, '1');
INSERT INTO `t_dict_info` VALUES ('1529570706168308500', '0', '0', 'dicMenuType', '菜单类型', null, null, 'on', '2', '1529570706358', '1527580959722606112', null, null, '1');
INSERT INTO `t_dict_info` VALUES ('1529570785671231180', '1529570706168308500', '1', null, '系统', '0', '系统', 'on', '1', '1529570785671', '1527580959722606112', '1530077190164', '1527580959722606112', '1');
INSERT INTO `t_dict_info` VALUES ('1529570808245701009', '1529570706168308500', '1', null, '模块', '1', '模块', 'on', '2', '1529570808245', '1527580959722606112', '1530077208467', '1527580959722606112', '1');
INSERT INTO `t_dict_info` VALUES ('1529570823929723947', '1529570706168308500', '1', null, '菜单', '2', '菜单', 'on', '3', '1529570823929', '1527580959722606112', '1530077221732', '1527580959722606112', '1');
INSERT INTO `t_dict_info` VALUES ('1529648050938198174', '0', '0', 'dicColor', '颜色', null, null, 'on', '3', '1529648050941', '1527580959722606112', null, null, '1');
INSERT INTO `t_dict_info` VALUES ('1529648092321810526', '1529648050938198174', '1', null, '赤色', '0', 'layui-bg-red', 'on', '1', '1529648092321', '1527580959722606112', null, null, '1');
INSERT INTO `t_dict_info` VALUES ('1529648134182741144', '1529648050938198174', '1', null, '橙色', '1', 'layui-bg-orange', 'on', '2', '1529648134183', '1527580959722606112', null, null, '1');
INSERT INTO `t_dict_info` VALUES ('1529648161314922800', '1529648050938198174', '1', null, '墨绿', '2', 'layui-bg-green', 'on', '3', '1529648161315', '1527580959722606112', null, null, '1');
INSERT INTO `t_dict_info` VALUES ('1529648197140646629', '1529648050938198174', '1', null, '蓝色', '3', 'layui-bg-blue', 'on', '4', '1529648197140', '1527580959722606112', null, null, '1');
INSERT INTO `t_dict_info` VALUES ('1529648227689859002', '1529648050938198174', '1', null, '藏青', '4', 'layui-bg-cyan', 'on', '5', '1529648227690', '1527580959722606112', null, null, '1');
INSERT INTO `t_dict_info` VALUES ('1529648272617865839', '1529648050938198174', '1', null, '雅黑', '5', 'layui-bg-black', 'on', '6', '1529648272617', '1527580959722606112', null, null, '1');
INSERT INTO `t_dict_info` VALUES ('1530077257049547196', '1529570706168308500', '1', null, '按钮', '3', '按钮', 'on', '4', '1530077257052', '1527580959722606112', null, null, '1');
INSERT INTO `t_dict_info` VALUES ('1531881417500387688', '0', '0', 'noticeType', '通知消息类型', null, null, 'on', '4', '1531881417503', '1527580959722606112', '1531881430755', '1527580959722606112', '1');
INSERT INTO `t_dict_info` VALUES ('1531881496006993394', '1531881417500387688', '1', null, '告警', '0', '告警', 'on', '1', '1531881496006', '1527580959722606112', '1531888267820', '1527580959722606112', '1');
INSERT INTO `t_dict_info` VALUES ('1531881523109825859', '1531881417500387688', '1', null, '私信', '1', '私信', 'on', '2', '1531881523110', '1527580959722606112', null, null, '1');
INSERT INTO `t_dict_info` VALUES ('1531881536973799453', '1531881417500387688', '1', null, '通知', '2', '通知', 'on', '3', '1531881536974', '1527580959722606112', '1531888279831', '1527580959722606112', '1');
INSERT INTO `t_dict_info` VALUES ('1531881586453977786', '0', '0', 'noticeStatus', '通知消息状态', null, null, 'on', '5', '1531881586454', '1527580959722606112', null, null, '1');
INSERT INTO `t_dict_info` VALUES ('1531881601193947482', '1531881586453977786', '1', null, '未读', '0', '未读', 'on', '1', '1531881601194', '1527580959722606112', null, null, '1');
INSERT INTO `t_dict_info` VALUES ('1531881611406724129', '1531881586453977786', '1', null, '已读', '1', '已读', 'on', '2', '1531881611406', '1527580959722606112', null, null, '1');

-- ----------------------------
-- Table structure for `t_member_card`
-- ----------------------------
DROP TABLE IF EXISTS `t_member_card`;
CREATE TABLE `t_member_card` (
  `member_card_id` varchar(50) NOT NULL COMMENT '主键',
  `member_card_code` varchar(50) default NULL COMMENT '会员卡编号',
  `member_level_id` varchar(50) default NULL COMMENT '会员级别编号',
  `card_date` bigint(20) default NULL COMMENT '开卡日期',
  `reference_id` varchar(50) default NULL COMMENT '推荐人编号',
  `member_card_balance` decimal(10,2) default '0.00' COMMENT '卡余额',
  `total_consumption` decimal(10,2) default '0.00' COMMENT '总消费金额',
  `last_consume_date` bigint(20) default NULL COMMENT '最后消费日期',
  `total_point` int(11) default '0' COMMENT '总积分',
  `usable_point` int(11) default '0' COMMENT '可用积分',
  `member_card_state` char(2) default NULL COMMENT '会员卡状态',
  `create_time` bigint(20) default NULL COMMENT '创建时间',
  `create_user_id` varchar(36) default NULL COMMENT '创建人',
  `update_time` bigint(20) default NULL COMMENT '更新时间',
  `update_user_id` varchar(36) default NULL COMMENT '更新人',
  `delete_flag` int(11) default NULL COMMENT '软删除标识 0已删除 1未删除',
  PRIMARY KEY  (`member_card_id`)
) ENGINE=InnoDB DEFAULT CHARSET=utf8 COMMENT='会员卡信息';

-- ----------------------------
-- Records of t_member_card
-- ----------------------------
INSERT INTO `t_member_card` VALUES ('1532590495611342205', '6777604209', '0', '1532534400000', '123', '101.08', '0.00', null, '0', '0', null, '1532590495611', '1527580959722606112', null, null, '1');
INSERT INTO `t_member_card` VALUES ('1532590795654927167', '5717880261', '1', '1532534400000', '123', '0.00', '0.00', null, '0', '0', null, '1532590795656', '1527580959722606112', null, null, '1');
INSERT INTO `t_member_card` VALUES ('1532591065997291628', '2789362431', '0', '1532534400000', '1', '0.00', '0.00', null, '0', '0', null, '1532591065997', '1527580959722606112', null, null, '1');

-- ----------------------------
-- Table structure for `t_member_info`
-- ----------------------------
DROP TABLE IF EXISTS `t_member_info`;
CREATE TABLE `t_member_info` (
  `member_id` varchar(50) NOT NULL COMMENT '主键',
  `member_card_code` varchar(50) default NULL COMMENT '会员卡编号',
  `member_name` varchar(50) default NULL COMMENT '会员姓名',
  `member_sex` char(2) default NULL COMMENT '会员性别',
  `member_phone` varchar(50) default NULL COMMENT '手机号码',
  `member_tel` varchar(50) default NULL COMMENT '固定电话',
  `identity_card` varchar(50) default NULL COMMENT '身份证号码',
  `birth_date` bigint(20) default NULL COMMENT '出生日期',
  `member_age` int(11) default '0' COMMENT '会员年龄',
  `email_address` varchar(50) default NULL COMMENT '电子邮箱',
  `company_name` varchar(50) default NULL COMMENT '工作单位',
  `area` varchar(50) default NULL COMMENT '省市区',
  `address` varchar(100) default NULL COMMENT '详细地址',
  `remark` varchar(200) default NULL COMMENT '备注',
  `create_time` bigint(20) default NULL COMMENT '创建时间',
  `create_user_id` varchar(36) default NULL COMMENT '创建人',
  `update_time` bigint(20) default NULL COMMENT '更新时间',
  `update_user_id` varchar(36) default NULL COMMENT '更新人',
  `delete_flag` int(11) default NULL COMMENT '软删除标识 0已删除 1未删除',
  PRIMARY KEY  (`member_id`)
) ENGINE=InnoDB DEFAULT CHARSET=utf8 COMMENT='会员信息表';

-- ----------------------------
-- Records of t_member_info
-- ----------------------------
INSERT INTO `t_member_info` VALUES ('1532590495602117929', '6777604209', '庞海超', '0', '18691834124', '83665832', '610111199008164533', '650732400000', '27', '83665832@qq.com', '北京国基', '610000/610100/610111', '东三环十里锦绣', '备注', '1532590495604', '1527580959722606112', null, null, '1');
INSERT INTO `t_member_info` VALUES ('1532590795650832012', '5717880261', '庞', '0', '18691834124', '83665832', '610111199008164533', '650732400000', '27', '83665@qq.com', '单位', '110000/110100/110105', '123', '备注', '1532590795650', '1527580959722606112', null, null, '1');
INSERT INTO `t_member_info` VALUES ('1532591065991144845', '2789362431', '的', '1', '18691834124', '', '610111199008164533', '650732400000', '27', '852@qq.com', '', '130000/130300/130303', '', '', '1532591065991', '1527580959722606112', null, null, '1');

-- ----------------------------
-- Table structure for `t_member_level`
-- ----------------------------
DROP TABLE IF EXISTS `t_member_level`;
CREATE TABLE `t_member_level` (
  `member_level_id` varchar(50) NOT NULL COMMENT '主键',
  `member_level_name` varchar(50) default NULL COMMENT '会员等级名称',
  `member_level_point` int(11) default '0' COMMENT '升级所需积分',
  `member_level_discount` float default NULL COMMENT '消费折扣',
  `remark` varchar(200) default NULL COMMENT '备注',
  `create_time` bigint(20) default NULL COMMENT '创建时间',
  `create_user_id` varchar(36) default NULL COMMENT '创建人',
  `update_time` bigint(20) default NULL COMMENT '更新时间',
  `update_user_id` varchar(36) default NULL COMMENT '更新人',
  `delete_flag` int(11) default NULL COMMENT '软删除标识 0已删除 1未删除',
  PRIMARY KEY  (`member_level_id`)
) ENGINE=InnoDB DEFAULT CHARSET=utf8 COMMENT='会员等级表';

-- ----------------------------
-- Records of t_member_level
-- ----------------------------

-- ----------------------------
-- Table structure for `t_notice_detail`
-- ----------------------------
DROP TABLE IF EXISTS `t_notice_detail`;
CREATE TABLE `t_notice_detail` (
  `notice_detail_id` varchar(50) NOT NULL COMMENT '主键',
  `notice_id` varchar(50) default NULL COMMENT '通知信息表编号',
  `user_id` varchar(50) default NULL COMMENT '用户编号',
  `notice_status` int(11) default NULL COMMENT '消息状态',
  `read_time` bigint(20) default NULL COMMENT '读取时间',
  `create_time` bigint(20) default NULL COMMENT '创建时间',
  `create_user_id` varchar(36) default NULL COMMENT '创建人',
  `update_time` bigint(20) default NULL COMMENT '更新时间',
  `update_user_id` varchar(36) default NULL COMMENT '更新人',
  `delete_flag` int(11) default NULL COMMENT '软删除标识 0已删除 1未删除',
  PRIMARY KEY  (`notice_detail_id`)
) ENGINE=InnoDB DEFAULT CHARSET=utf8 COMMENT='通知信息明细表';

-- ----------------------------
-- Records of t_notice_detail
-- ----------------------------
INSERT INTO `t_notice_detail` VALUES ('1531882719705290334', '1531882719678396946', '1527580959722606112', '0', '1531896749254', '1531882719719', '1527580959722606112', '1531896749254', '1527580959722606112', '1');
INSERT INTO `t_notice_detail` VALUES ('1531882860842411434', '1531882860838595860', '1527580959722606112', '0', '1531896686882', '1531882860842', '1527580959722606112', '1531896686883', '1527580959722606112', '1');
INSERT INTO `t_notice_detail` VALUES ('1531882868069580949', '1531882868064402794', '1527580959722606112', '1', '1531898648767', '1531882868069', '1527580959722606112', '1531898648767', '1527580959722606112', '1');
INSERT INTO `t_notice_detail` VALUES ('1531887212316489859', '1531887212310599411', '1527580959722606112', '1', '1531898542284', '1531887212320', '1527580959722606112', '1531898542285', '1527580959722606112', '1');
INSERT INTO `t_notice_detail` VALUES ('1531894977367450284', '1531894977352181995', '1527580959722606112', '1', '1531898418970', '1531894977371', '1527580959722606112', '1531898418970', '1527580959722606112', '1');
INSERT INTO `t_notice_detail` VALUES ('1531895010885576577', '1531895010881808478', '1527580959722606112', '1', '1531898384334', '1531895010885', '1527580959722606112', '1531898384339', '1527580959722606112', '1');

-- ----------------------------
-- Table structure for `t_notice_info`
-- ----------------------------
DROP TABLE IF EXISTS `t_notice_info`;
CREATE TABLE `t_notice_info` (
  `notice_id` varchar(50) NOT NULL COMMENT '主键',
  `notice_type` int(11) default NULL COMMENT '通知类型',
  `primary_key` varchar(50) default NULL COMMENT '关联编号',
  `notice_title` varchar(50) default NULL COMMENT '通知标题',
  `notice_contents` varchar(1000) default NULL COMMENT '通知内容',
  `create_time` bigint(20) default NULL COMMENT '创建时间',
  `create_user_id` varchar(36) default NULL COMMENT '创建人',
  `update_time` bigint(20) default NULL COMMENT '更新时间',
  `update_user_id` varchar(36) default NULL COMMENT '更新人',
  `delete_flag` int(11) default NULL COMMENT '软删除标识 0已删除 1未删除',
  PRIMARY KEY  (`notice_id`)
) ENGINE=InnoDB DEFAULT CHARSET=utf8 COMMENT='通知信息表';

-- ----------------------------
-- Records of t_notice_info
-- ----------------------------
INSERT INTO `t_notice_info` VALUES ('1531882719678396946', '0', '', '测试', '欢迎登录', '1531882719687', '1527580959722606112', null, null, '1');
INSERT INTO `t_notice_info` VALUES ('1531882860838595860', '1', '', '测试', '欢迎登录', '1531882860838', '1527580959722606112', null, null, '1');
INSERT INTO `t_notice_info` VALUES ('1531882868064402794', '2', '', '测试', '欢迎登录', '1531882868064', '1527580959722606112', null, null, '1');
INSERT INTO `t_notice_info` VALUES ('1531887212310599411', '1', '', '测试', '欢迎登录', '1531887212313', '1527580959722606112', null, null, '1');
INSERT INTO `t_notice_info` VALUES ('1531894977352181995', '1', '', '测试', '欢迎登录', '1531894977356', '1527580959722606112', null, null, '1');
INSERT INTO `t_notice_info` VALUES ('1531895010881808478', '1', '', '测试', '欢迎登录', '1531895010881', '1527580959722606112', null, null, '1');

-- ----------------------------
-- Table structure for `t_operate_log`
-- ----------------------------
DROP TABLE IF EXISTS `t_operate_log`;
CREATE TABLE `t_operate_log` (
  `log_id` varchar(50) NOT NULL COMMENT '主键',
  `log_name` varchar(100) default NULL COMMENT '业务名称',
  `log_class_name` varchar(200) default NULL COMMENT '请求类名',
  `log_method_name` varchar(100) default NULL COMMENT '请求方法名称',
  `log_method_params` varchar(2000) default NULL COMMENT '请求参数',
  `log_ip` varchar(50) default NULL COMMENT '访问者ip',
  `log_time` bigint(20) default NULL COMMENT '执行时间',
  `log_result` char(2) default NULL COMMENT '请求结果 0成功1失败',
  `log_message` varchar(5000) default NULL COMMENT '异常信息',
  `create_time` bigint(20) default NULL COMMENT '创建时间',
  `create_user_id` varchar(36) default NULL COMMENT '创建人',
  `update_time` bigint(20) default NULL COMMENT '更新时间',
  `update_user_id` varchar(36) default NULL COMMENT '更新人',
  `delete_flag` int(11) default NULL COMMENT '软删除标识 0已删除 1未删除',
  PRIMARY KEY  (`log_id`)
) ENGINE=InnoDB DEFAULT CHARSET=utf8 COMMENT='操作日志表';

-- ----------------------------
-- Records of t_operate_log
-- ----------------------------
INSERT INTO `t_operate_log` VALUES ('1529037879963282907', '添加角色', 'com.cctc.fast.portal.system.controller.SysRoleController', 'addSysRole', '{\"createTime\":\"1529037876275\",\"createUserId\":\"1527580959722606112\",\"deleteFlag\":1,\"menus\":[],\"roleDesc\":\"1321\",\"roleId\":\"1529037876272313636\",\"roleName\":\"123121111\"}', '127.0.0.1', '27', '0', null, '1529037884584', '1527580959722606112', null, null, '0');
INSERT INTO `t_operate_log` VALUES ('1529038765387511664', '添加菜单', 'com.cctc.fast.portal.system.controller.SysMenuController', 'addSysMenu', '{\"children\":[],\"createTime\":\"1529038764130\",\"createUserId\":\"1527580959722606112\",\"deleteFlag\":1,\"id\":\"1529038764124586957\",\"menuCode\":\"operlog:index\",\"menuIcon\":\"\",\"menuSort\":2,\"menuType\":\"1\",\"name\":\"操作日志\",\"pMenuId\":\"1529027586706587995\",\"url\":\"/monitor/operlog/index\"}', '127.0.0.1', '13', '0', null, '1529038765392', '1527580959722606112', null, null, '0');
INSERT INTO `t_operate_log` VALUES ('1529038811213582950', '更新菜单', 'com.cctc.fast.portal.system.controller.SysMenuController', 'editSysMenu', '{\"children\":[],\"id\":\"1529038764124586957\",\"menuCode\":\"operlog:index\",\"menuIcon\":\"layui-icon-chart-screen\",\"menuSort\":2,\"menuType\":\"1\",\"name\":\"操作日志监控\",\"updateTime\":\"1529038809423\",\"updateUserId\":\"1527580959722606112\",\"url\":\"/monitor/operlog/index\"}', '127.0.0.1', '17', '0', null, '1529038811214', '1527580959722606112', null, null, '0');
INSERT INTO `t_operate_log` VALUES ('1529038828379535339', '更新角色', 'com.cctc.fast.portal.system.controller.SysRoleController', 'editSysRole', '{\"menus\":[\"1\",\"1528104973509143369\",\"1528104999002585644\",\"2\",\"3\",\"4\",\"1528705433275863108\",\"1528786741978959110\",\"1529027586706587995\",\"1529027692074617899\",\"1529038764124586957\"],\"roleDesc\":\"超级管理员\",\"roleId\":\"1528188405010798697\",\"roleName\":\"超级管理员\",\"updateTime\":\"1529038827910\",\"updateUserId\":\"1527580959722606112\"}', '127.0.0.1', '63', '0', null, '1529038828380', '1527580959722606112', null, null, '0');
INSERT INTO `t_operate_log` VALUES ('1529039759986906751', '删除操作日志', 'com.cctc.fast.portal.monitor.operlog.OperlogController', 'delSysUser', '\"1529038828379535339\"', '127.0.0.1', '7960', '0', null, '1529039759987', '1527580959722606112', null, null, '0');
INSERT INTO `t_operate_log` VALUES ('1529039863218504420', '删除选中操作日志', 'com.cctc.fast.portal.monitor.operlog.OperlogController', 'delSelectSysUser', '\"[\\\"1529037879963282907\\\",\\\"1529038765387511664\\\",\\\"1529038811213582950\\\",\\\"1529039759986906751\\\"]\"', '127.0.0.1', '44', '0', null, '1529039863218', '1527580959722606112', null, null, '0');
INSERT INTO `t_operate_log` VALUES ('1529039985742838678', '删除操作日志', 'com.cctc.fast.portal.monitor.operlog.OperlogController', 'delSysUser', '\"1529039863218504420\"', '127.0.0.1', '31', '0', null, '1529039985744', '1527580959722606112', null, null, '0');
INSERT INTO `t_operate_log` VALUES ('1529039997793176349', '删除选中操作日志', 'com.cctc.fast.portal.monitor.operlog.OperlogController', 'delSelectSysUser', '\"[\\\"1529039985742838678\\\"]\"', '127.0.0.1', '38', '0', null, '1529039997794', '1527580959722606112', null, null, '0');
INSERT INTO `t_operate_log` VALUES ('1529040001753896052', '删除操作日志', 'com.cctc.fast.portal.monitor.operlog.OperlogController', 'delSysUser', '\"1529039997793176349\"', '127.0.0.1', '32', '0', null, '1529040001753', '1527580959722606112', null, null, '0');
INSERT INTO `t_operate_log` VALUES ('1529040273190530723', '删除角色', 'com.cctc.fast.portal.system.controller.SysRoleController', 'delSysRole', '\"1529037876272313636\"', '127.0.0.1', '5', '0', null, '1529040273191', '1527580959722606112', null, null, '0');
INSERT INTO `t_operate_log` VALUES ('1529040279609998268', '删除选中角色', 'com.cctc.fast.portal.system.controller.SysRoleController', 'delSelectSysRole', '\"[\\\"1529035692704172751\\\",\\\"1529036924604216485\\\",\\\"1529036955388836120\\\"]\"', '127.0.0.1', '3', '0', null, '1529040279610', '1527580959722606112', null, null, '0');
INSERT INTO `t_operate_log` VALUES ('1529377915867197234', '添加菜单', 'com.cctc.fast.portal.system.controller.SysMenuController', 'addSysMenu', '{\"children\":[],\"createTime\":\"1529377915852\",\"createUserId\":\"1527580959722606112\",\"deleteFlag\":1,\"id\":\"1529377915848289205\",\"menuCode\":\"1\",\"menuIcon\":\"layui-icon-template\",\"menuSort\":3,\"menuType\":\"1\",\"name\":\"Swagger\",\"pMenuId\":\"4\",\"url\":\"swagger-ui.html\"}', '127.0.0.1', '17', '0', null, '1529377915878', '1527580959722606112', null, null, '0');
INSERT INTO `t_operate_log` VALUES ('1529377934335864861', '更新菜单', 'com.cctc.fast.portal.system.controller.SysMenuController', 'editSysMenu', '{\"children\":[],\"id\":\"1529377915848289205\",\"menuCode\":\"doc:swagger\",\"menuIcon\":\"layui-icon-template\",\"menuSort\":3,\"menuType\":\"1\",\"name\":\"Swagger\",\"updateTime\":\"1529377934327\",\"updateUserId\":\"1527580959722606112\",\"url\":\"swagger-ui.html\"}', '127.0.0.1', '12', '0', null, '1529377934336', '1527580959722606112', null, null, '0');
INSERT INTO `t_operate_log` VALUES ('1529377942438953876', '更新角色', 'com.cctc.fast.portal.system.controller.SysRoleController', 'editSysRole', '{\"menus\":[\"1\",\"1528104973509143369\",\"1528104999002585644\",\"2\",\"3\",\"4\",\"1528705433275863108\",\"1528786741978959110\",\"1529377915848289205\",\"1529027586706587995\",\"1529027692074617899\",\"1529038764124586957\"],\"roleDesc\":\"超级管理员\",\"roleId\":\"1528188405010798697\",\"roleName\":\"超级管理员\",\"updateTime\":\"1529377942390\",\"updateUserId\":\"1527580959722606112\"}', '127.0.0.1', '45', '0', null, '1529377942440', '1527580959722606112', null, null, '0');
INSERT INTO `t_operate_log` VALUES ('1529482917857612208', '添加菜单', 'com.cctc.fast.portal.system.controller.SysMenuController', 'addSysMenu', '{\"children\":[],\"createTime\":\"1529482917804\",\"createUserId\":\"1527580959722606112\",\"deleteFlag\":1,\"id\":\"1529482917795826300\",\"menuCode\":\"basic\",\"menuIcon\":\"layui-icon-engine\",\"menuSort\":2,\"menuType\":\"0\",\"name\":\"基础资料\",\"pMenuId\":\"0\",\"url\":\"\"}', '127.0.0.1', '62', '0', null, '1529482917869', '1527580959722606112', null, null, '0');
INSERT INTO `t_operate_log` VALUES ('1529482942761826581', '更新菜单', 'com.cctc.fast.portal.system.controller.SysMenuController', 'editSysMenu', '{\"children\":[],\"id\":\"1529482917795826300\",\"menuCode\":\"basic:view\",\"menuIcon\":\"layui-icon-engine\",\"menuSort\":2,\"menuType\":\"0\",\"name\":\"基础资料\",\"updateTime\":\"1529482942725\",\"updateUserId\":\"1527580959722606112\",\"url\":\"\"}', '127.0.0.1', '45', '0', null, '1529482942762', '1527580959722606112', null, null, '0');
INSERT INTO `t_operate_log` VALUES ('1529483109646562526', '添加菜单', 'com.cctc.fast.portal.system.controller.SysMenuController', 'addSysMenu', '{\"children\":[],\"createTime\":\"1529483109635\",\"createUserId\":\"1527580959722606112\",\"deleteFlag\":1,\"id\":\"1529483109634629452\",\"menuCode\":\"dict:index\",\"menuIcon\":\"layui-icon-read\",\"menuSort\":1,\"menuType\":\"1\",\"name\":\"数据字典\",\"pMenuId\":\"1529482917795826300\",\"url\":\"dict/index\"}', '127.0.0.1', '12', '0', null, '1529483109648', '1527580959722606112', null, null, '1');
INSERT INTO `t_operate_log` VALUES ('1529483135586217949', '更新角色', 'com.cctc.fast.portal.system.controller.SysRoleController', 'editSysRole', '{\"menus\":[\"1\",\"1528104973509143369\",\"1528104999002585644\",\"2\",\"3\",\"1529482917795826300\",\"1529483109634629452\",\"4\",\"1528705433275863108\",\"1528786741978959110\",\"1529377915848289205\",\"1529027586706587995\",\"1529027692074617899\",\"1529038764124586957\"],\"roleDesc\":\"超级管理员\",\"roleId\":\"1528188405010798697\",\"roleName\":\"超级管理员\",\"updateTime\":\"1529483135489\",\"updateUserId\":\"1527580959722606112\"}', '127.0.0.1', '98', '0', null, '1529483135587', '1527580959722606112', null, null, '1');
INSERT INTO `t_operate_log` VALUES ('1529486004147250137', '添加数据字典', 'com.cctc.fast.portal.basic.controller.DictController', 'addDict', '{\"children\":[],\"createTime\":\"1529486004097\",\"createUserId\":\"1527580959722606112\",\"deleteFlag\":1,\"dictCode\":\"cctc\",\"dictSort\":1,\"dictState\":\"on\",\"dictType\":\"on\",\"id\":\"1529486004091894167\",\"name\":\"123\"}', '127.0.0.1', '42', '0', null, '1529486004167', '1527580959722606112', null, null, '1');
INSERT INTO `t_operate_log` VALUES ('1529486040939872354', '添加数据字典', 'com.cctc.fast.portal.basic.controller.DictController', 'addDict', '{\"children\":[],\"createTime\":\"1529486040929\",\"createUserId\":\"1527580959722606112\",\"deleteFlag\":1,\"dictCode\":\"cctc\",\"dictSort\":1,\"dictState\":\"on\",\"dictType\":\"0\",\"id\":\"1529486040928684181\",\"name\":\"123\"}', '127.0.0.1', '4', '0', null, '1529486040940', '1527580959722606112', null, null, '1');
INSERT INTO `t_operate_log` VALUES ('1529486232497887908', '添加数据字典', 'com.cctc.fast.portal.basic.controller.DictController', 'addDict', '{\"children\":[],\"createTime\":\"1529486232489\",\"createUserId\":\"1527580959722606112\",\"deleteFlag\":1,\"dictKey\":\"11\",\"dictSort\":1,\"dictState\":\"on\",\"dictType\":\"1\",\"dictVal\":\"11\",\"id\":\"1529486232489211174\"}', '127.0.0.1', '5', '0', null, '1529486232499', '1527580959722606112', null, null, '1');
INSERT INTO `t_operate_log` VALUES ('1529486304825945515', '添加数据字典', 'com.cctc.fast.portal.basic.controller.DictController', 'addDict', '{\"children\":[],\"createTime\":\"1529486304818\",\"createUserId\":\"1527580959722606112\",\"deleteFlag\":1,\"dictCode\":\"sex\",\"dictSort\":1,\"dictState\":\"on\",\"dictType\":\"0\",\"id\":\"1529486304817782334\",\"name\":\"性别\",\"pDictId\":\"0\"}', '127.0.0.1', '7', '0', null, '1529486304828', '1527580959722606112', null, null, '1');
INSERT INTO `t_operate_log` VALUES ('1529486329673812500', '添加数据字典', 'com.cctc.fast.portal.basic.controller.DictController', 'addDict', '{\"children\":[],\"createTime\":\"1529486329670\",\"createUserId\":\"1527580959722606112\",\"deleteFlag\":1,\"dictKey\":\"1\",\"dictSort\":1,\"dictState\":\"on\",\"dictType\":\"1\",\"dictVal\":\"男\",\"id\":\"1529486329669124805\",\"pDictId\":\"1529486304817782334\"}', '127.0.0.1', '3', '0', null, '1529486329673', '1527580959722606112', null, null, '1');
INSERT INTO `t_operate_log` VALUES ('1529486386033576191', '添加数据字典', 'com.cctc.fast.portal.basic.controller.DictController', 'addDict', '{\"children\":[],\"createTime\":\"1529486386030\",\"createUserId\":\"1527580959722606112\",\"deleteFlag\":1,\"dictKey\":\"1\",\"dictSort\":2,\"dictState\":\"on\",\"dictType\":\"1\",\"dictVal\":\"女\",\"id\":\"1529486386029745998\",\"pDictId\":\"1529486304817782334\"}', '127.0.0.1', '4', '0', null, '1529486386037', '1527580959722606112', null, null, '1');
INSERT INTO `t_operate_log` VALUES ('1529486841124845465', '添加数据字典', 'com.cctc.fast.portal.basic.controller.DictController', 'addDict', '{\"children\":[],\"createTime\":\"1529486841119\",\"createUserId\":\"1527580959722606112\",\"deleteFlag\":1,\"dictCode\":\"dic_sex\",\"dictSort\":1,\"dictState\":\"on\",\"dictType\":\"0\",\"id\":\"1529486841118986029\",\"name\":\"性别\",\"pDictId\":\"0\"}', '127.0.0.1', '6', '0', null, '1529486841125', '1527580959722606112', null, null, '1');
INSERT INTO `t_operate_log` VALUES ('1529486857668312460', '添加数据字典', 'com.cctc.fast.portal.basic.controller.DictController', 'addDict', '{\"children\":[],\"createTime\":\"1529486857665\",\"createUserId\":\"1527580959722606112\",\"deleteFlag\":1,\"dictKey\":\"男\",\"dictSort\":1,\"dictState\":\"on\",\"dictType\":\"1\",\"dictVal\":\"0\",\"id\":\"1529486857665851586\",\"name\":\"男\",\"pDictId\":\"1529486841118986029\"}', '127.0.0.1', '2', '0', null, '1529486857670', '1527580959722606112', null, null, '1');
INSERT INTO `t_operate_log` VALUES ('1529486881533282116', '添加数据字典', 'com.cctc.fast.portal.basic.controller.DictController', 'addDict', '{\"children\":[],\"createTime\":\"1529486881530\",\"createUserId\":\"1527580959722606112\",\"deleteFlag\":1,\"dictKey\":\"女\",\"dictSort\":2,\"dictState\":\"on\",\"dictType\":\"1\",\"dictVal\":\"1\",\"id\":\"1529486881529364961\",\"name\":\"女\",\"pDictId\":\"1529486841118986029\"}', '127.0.0.1', '4', '0', null, '1529486881534', '1527580959722606112', null, null, '1');
INSERT INTO `t_operate_log` VALUES ('1529570706814300287', '添加数据字典', 'com.cctc.fast.portal.basic.controller.DictController', 'addDict', '{\"children\":[],\"createTime\":\"1529570706358\",\"createUserId\":\"1527580959722606112\",\"deleteFlag\":1,\"dictCode\":\"菜单类型\",\"dictSort\":2,\"dictState\":\"on\",\"dictType\":\"0\",\"id\":\"1529570706168308500\",\"name\":\"dic_menu_type\",\"pDictId\":\"0\"}', '127.0.0.1', '396', '0', null, '1529570706828', '1527580959722606112', null, null, '1');
INSERT INTO `t_operate_log` VALUES ('1529570785698868183', '添加数据字典', 'com.cctc.fast.portal.basic.controller.DictController', 'addDict', '{\"children\":[],\"createTime\":\"1529570785671\",\"createUserId\":\"1527580959722606112\",\"deleteFlag\":1,\"dictKey\":\"0\",\"dictSort\":1,\"dictState\":\"on\",\"dictType\":\"1\",\"dictVal\":\"模块\",\"id\":\"1529570785671231180\",\"name\":\"模块\",\"pDictId\":\"1529570706168308500\"}', '127.0.0.1', '10', '0', null, '1529570785810', '1527580959722606112', null, null, '1');
INSERT INTO `t_operate_log` VALUES ('1529570808270396234', '添加数据字典', 'com.cctc.fast.portal.basic.controller.DictController', 'addDict', '{\"children\":[],\"createTime\":\"1529570808245\",\"createUserId\":\"1527580959722606112\",\"deleteFlag\":1,\"dictKey\":\"1\",\"dictSort\":2,\"dictState\":\"on\",\"dictType\":\"1\",\"dictVal\":\"菜单\",\"id\":\"1529570808245701009\",\"name\":\"菜单\",\"pDictId\":\"1529570706168308500\"}', '127.0.0.1', '9', '0', null, '1529570808271', '1527580959722606112', null, null, '1');
INSERT INTO `t_operate_log` VALUES ('1529570823957391090', '添加数据字典', 'com.cctc.fast.portal.basic.controller.DictController', 'addDict', '{\"children\":[],\"createTime\":\"1529570823929\",\"createUserId\":\"1527580959722606112\",\"deleteFlag\":1,\"dictKey\":\"2\",\"dictSort\":3,\"dictState\":\"on\",\"dictType\":\"1\",\"dictVal\":\"按钮\",\"id\":\"1529570823929723947\",\"name\":\"按钮\",\"pDictId\":\"1529570706168308500\"}', '127.0.0.1', '11', '0', null, '1529570823959', '1527580959722606112', null, null, '1');
INSERT INTO `t_operate_log` VALUES ('1529630037427117355', '更新数据字典', 'com.cctc.fast.portal.basic.controller.DictController', 'editDictInfo', '{\"children\":[],\"dictCode\":\"dic_sex\",\"dictSort\":1,\"dictState\":\"on\",\"dictType\":\"0\",\"name\":\"性别1\",\"pDictId\":\"1529486841118986029\"}', '127.0.0.1', '1', '0', null, '1529630037438', '1527580959722606112', null, null, '1');
INSERT INTO `t_operate_log` VALUES ('1529630050507897923', '更新数据字典', 'com.cctc.fast.portal.basic.controller.DictController', 'editDictInfo', '{\"children\":[],\"dictCode\":\"dic_sex\",\"dictSort\":1,\"dictState\":\"on\",\"dictType\":\"0\",\"name\":\"性别1\",\"pDictId\":\"1529486841118986029\"}', '127.0.0.1', '0', '0', null, '1529630050510', '1527580959722606112', null, null, '1');
INSERT INTO `t_operate_log` VALUES ('1529630186998405764', '更新数据字典', 'com.cctc.fast.portal.basic.controller.DictController', 'editDictInfo', '{\"children\":[],\"dictCode\":\"dic_sex\",\"dictSort\":1,\"dictState\":\"on\",\"dictType\":\"0\",\"name\":\"性别1\",\"pDictId\":\"1529486841118986029\"}', '127.0.0.1', '38151', '0', null, '1529630186999', '1527580959722606112', null, null, '1');
INSERT INTO `t_operate_log` VALUES ('1529630427638961040', '更新数据字典', 'com.cctc.fast.portal.basic.controller.DictController', 'editDictInfo', '{\"children\":[],\"dictCode\":\"dic_sex\",\"dictSort\":1,\"dictState\":\"on\",\"dictType\":\"0\",\"name\":\"性别1\",\"pDictId\":\"1529486841118986029\"}', '127.0.0.1', '0', '1', '编号不存在', '1529630427645', '1527580959722606112', null, null, '1');
INSERT INTO `t_operate_log` VALUES ('1529631059146454131', '更新数据字典', 'com.cctc.fast.portal.basic.controller.DictController', 'editDictInfo', '{\"children\":[],\"dictCode\":\"dic_sex\",\"dictSort\":1,\"dictType\":\"0\",\"name\":\"性别1\"}', '127.0.0.1', '0', '1', '编号不存在', '1529631059151', '1527580959722606112', null, null, '1');
INSERT INTO `t_operate_log` VALUES ('1529631136365413404', '更新数据字典', 'com.cctc.fast.portal.basic.controller.DictController', 'editDictInfo', '{\"children\":[],\"dictCode\":\"dic_sex\",\"dictSort\":1,\"dictType\":\"0\",\"id\":\"1529486841118986029\",\"name\":\"性别1\",\"updateTime\":\"1529631136339\",\"updateUserId\":\"1527580959722606112\"}', '127.0.0.1', '2938', '0', null, '1529631136367', '1527580959722606112', null, null, '1');
INSERT INTO `t_operate_log` VALUES ('1529631373947282540', '更新数据字典', 'com.cctc.fast.portal.basic.controller.DictController', 'editDictInfo', '{\"children\":[],\"dictCode\":\"dic_sex\",\"dictSort\":1,\"dictType\":\"0\",\"id\":\"1529486841118986029\",\"name\":\"性别1\",\"updateTime\":\"1529631373941\",\"updateUserId\":\"1527580959722606112\"}', '127.0.0.1', '1200', '0', null, '1529631373949', '1527580959722606112', null, null, '1');
INSERT INTO `t_operate_log` VALUES ('1529631492254679710', '更新数据字典', 'com.cctc.fast.portal.basic.controller.DictController', 'editDictInfo', '{\"children\":[],\"dictCode\":\"dic_sex\",\"dictSort\":1,\"dictType\":\"0\",\"id\":\"1529486841118986029\",\"name\":\"性别1\",\"updateTime\":\"1529631492249\",\"updateUserId\":\"1527580959722606112\"}', '127.0.0.1', '5', '0', null, '1529631492263', '1527580959722606112', null, null, '1');
INSERT INTO `t_operate_log` VALUES ('1529631625110588068', '更新数据字典', 'com.cctc.fast.portal.basic.controller.DictController', 'editDictInfo', '{\"children\":[],\"dictCode\":\"dic_sex\",\"dictSort\":1,\"dictType\":\"0\",\"id\":\"1529486841118986029\",\"name\":\"性别\",\"updateTime\":\"1529631625105\",\"updateUserId\":\"1527580959722606112\"}', '127.0.0.1', '6780', '0', null, '1529631625116', '1527580959722606112', null, null, '1');
INSERT INTO `t_operate_log` VALUES ('1529631744549219844', '更新数据字典', 'com.cctc.fast.portal.basic.controller.DictController', 'editDictInfo', '{\"children\":[],\"dictCode\":\"dic_sex\",\"dictSort\":1,\"dictType\":\"0\",\"id\":\"1529486841118986029\",\"name\":\"性别\",\"updateTime\":\"1529631744538\",\"updateUserId\":\"1527580959722606112\"}', '127.0.0.1', '861', '0', null, '1529631744553', '1527580959722606112', null, null, '1');
INSERT INTO `t_operate_log` VALUES ('1529631965709253960', '更新数据字典', 'com.cctc.fast.portal.basic.controller.DictController', 'editDictInfo', '{\"children\":[],\"dictCode\":\"dic_sex\",\"dictSort\":1,\"dictState\":\"on\",\"dictType\":\"0\",\"id\":\"1529486841118986029\",\"name\":\"性别\",\"updateTime\":\"1529631965701\",\"updateUserId\":\"1527580959722606112\"}', '127.0.0.1', '644', '0', null, '1529631965712', '1527580959722606112', null, null, '1');
INSERT INTO `t_operate_log` VALUES ('1529631992174673922', '更新数据字典', 'com.cctc.fast.portal.basic.controller.DictController', 'editDictInfo', '{\"children\":[],\"dictCode\":\"dic_sex\",\"dictSort\":1,\"dictType\":\"0\",\"id\":\"1529486841118986029\",\"name\":\"性别\",\"updateTime\":\"1529631992169\",\"updateUserId\":\"1527580959722606112\"}', '127.0.0.1', '2537', '0', null, '1529631992175', '1527580959722606112', null, null, '1');
INSERT INTO `t_operate_log` VALUES ('1529632132496284848', '更新数据字典', 'com.cctc.fast.portal.basic.controller.DictController', 'editDictInfo', '{\"children\":[],\"dictCode\":\"dic_sex\",\"dictSort\":1,\"dictType\":\"0\",\"id\":\"1529486841118986029\",\"name\":\"性别\",\"updateTime\":\"1529632132486\",\"updateUserId\":\"1527580959722606112\"}', '127.0.0.1', '838', '0', null, '1529632132497', '1527580959722606112', null, null, '1');
INSERT INTO `t_operate_log` VALUES ('1529632530724427143', '更新数据字典', 'com.cctc.fast.portal.basic.controller.DictController', 'editDictInfo', '{\"children\":[],\"dictCode\":\"dic_sex\",\"dictSort\":1,\"dictState\":\"off\",\"dictType\":\"0\",\"id\":\"1529486841118986029\",\"name\":\"性别\",\"updateTime\":\"1529632527324\",\"updateUserId\":\"1527580959722606112\"}', '127.0.0.1', '0', '1', '\r\n### Error updating database.  Cause: com.mysql.jdbc.MysqlDataTruncation: Data truncation: Data too long for column \'dict_state\' at row 1\r\n### The error may involve com.cctc.fast.portal.basic.mapper.DictMapper.updateById-Inline\r\n### The error occurred while setting parameters\r\n### SQL: UPDATE t_dict_info  SET dict_type=?,  dict_code=?,  dict_name=?,      dict_state=?,  dict_sort=?,    update_time=?,update_user_id=?  WHERE dict_id=?   AND delete_flag=1\r\n### Cause: com.mysql.jdbc.MysqlDataTruncation: Data truncation: Data too long for column \'dict_state\' at row 1\n; SQL []; Data truncation: Data too long for column \'dict_state\' at row 1; nested exception is com.mysql.jdbc.MysqlDataTruncation: Data truncation: Data too long for column \'dict_state\' at row 1', '1529632530725', '1527580959722606112', null, null, '1');
INSERT INTO `t_operate_log` VALUES ('1529632590788404894', '更新数据字典', 'com.cctc.fast.portal.basic.controller.DictController', 'editDictInfo', '{\"children\":[],\"dictCode\":\"dic_sex\",\"dictSort\":1,\"dictState\":\"off\",\"dictType\":\"0\",\"id\":\"1529486841118986029\",\"name\":\"性别\",\"updateTime\":\"1529632590782\",\"updateUserId\":\"1527580959722606112\"}', '127.0.0.1', '6880', '0', null, '1529632590790', '1527580959722606112', null, null, '1');
INSERT INTO `t_operate_log` VALUES ('1529632599574753204', '更新数据字典', 'com.cctc.fast.portal.basic.controller.DictController', 'editDictInfo', '{\"children\":[],\"dictCode\":\"dic_sex\",\"dictSort\":1,\"dictState\":\"on\",\"dictType\":\"0\",\"id\":\"1529486841118986029\",\"name\":\"性别\",\"updateTime\":\"1529632599571\",\"updateUserId\":\"1527580959722606112\"}', '127.0.0.1', '899', '0', null, '1529632599575', '1527580959722606112', null, null, '1');
INSERT INTO `t_operate_log` VALUES ('1529632634670402352', '更新数据字典', 'com.cctc.fast.portal.basic.controller.DictController', 'editDictInfo', '{\"children\":[],\"dictKey\":\"0\",\"dictSort\":1,\"dictState\":\"off\",\"dictType\":\"1\",\"dictVal\":\"男1\",\"id\":\"1529486857665851586\",\"name\":\"男1\",\"updateTime\":\"1529632634667\",\"updateUserId\":\"1527580959722606112\"}', '127.0.0.1', '802', '0', null, '1529632634671', '1527580959722606112', null, null, '1');
INSERT INTO `t_operate_log` VALUES ('1529632648488109430', '更新数据字典', 'com.cctc.fast.portal.basic.controller.DictController', 'editDictInfo', '{\"children\":[],\"dictKey\":\"0\",\"dictSort\":1,\"dictState\":\"on\",\"dictType\":\"1\",\"dictVal\":\"男\",\"id\":\"1529486857665851586\",\"name\":\"男\",\"updateTime\":\"1529632648483\",\"updateUserId\":\"1527580959722606112\"}', '127.0.0.1', '769', '0', null, '1529632648489', '1527580959722606112', null, null, '1');
INSERT INTO `t_operate_log` VALUES ('1529632811424414161', '删除数据字典信息', 'com.cctc.fast.portal.basic.controller.DictController', 'delSysMenu', '\"1529486881529364961\"', '127.0.0.1', '7', '0', null, '1529632811469', '1527580959722606112', null, null, '1');
INSERT INTO `t_operate_log` VALUES ('1529632814112717560', '删除数据字典信息', 'com.cctc.fast.portal.basic.controller.DictController', 'delSysMenu', '\"1529486881529364961\"', '127.0.0.1', '3', '0', null, '1529632814113', '1527580959722606112', null, null, '1');
INSERT INTO `t_operate_log` VALUES ('1529632814943719265', '删除数据字典信息', 'com.cctc.fast.portal.basic.controller.DictController', 'delSysMenu', '\"1529486881529364961\"', '127.0.0.1', '4', '0', null, '1529632814944', '1527580959722606112', null, null, '1');
INSERT INTO `t_operate_log` VALUES ('1529632815872931609', '删除数据字典信息', 'com.cctc.fast.portal.basic.controller.DictController', 'delSysMenu', '\"1529486881529364961\"', '127.0.0.1', '3', '0', null, '1529632815873', '1527580959722606112', null, null, '1');
INSERT INTO `t_operate_log` VALUES ('1529632824534946698', '删除数据字典信息', 'com.cctc.fast.portal.basic.controller.DictController', 'delSysMenu', '\"1529486857665851586\"', '127.0.0.1', '3', '0', null, '1529632824538', '1527580959722606112', null, null, '1');
INSERT INTO `t_operate_log` VALUES ('1529648051076647232', '添加数据字典', 'com.cctc.fast.portal.basic.controller.DictController', 'addDict', '{\"children\":[],\"createTime\":\"1529648050941\",\"createUserId\":\"1527580959722606112\",\"deleteFlag\":1,\"dictCode\":\"dicColor\",\"dictSort\":3,\"dictState\":\"on\",\"dictType\":\"0\",\"id\":\"1529648050938198174\",\"name\":\"颜色\",\"pDictId\":\"0\"}', '127.0.0.1', '135', '0', null, '1529648051086', '1527580959722606112', null, null, '1');
INSERT INTO `t_operate_log` VALUES ('1529648092364769528', '添加数据字典', 'com.cctc.fast.portal.basic.controller.DictController', 'addDict', '{\"children\":[],\"createTime\":\"1529648092321\",\"createUserId\":\"1527580959722606112\",\"deleteFlag\":1,\"dictKey\":\"0\",\"dictSort\":1,\"dictState\":\"on\",\"dictType\":\"1\",\"dictVal\":\"layui-bg-red\",\"id\":\"1529648092321810526\",\"name\":\"赤色\",\"pDictId\":\"1529648050938198174\"}', '127.0.0.1', '37', '0', null, '1529648092366', '1527580959722606112', null, null, '1');
INSERT INTO `t_operate_log` VALUES ('1529648134187896336', '添加数据字典', 'com.cctc.fast.portal.basic.controller.DictController', 'addDict', '{\"children\":[],\"createTime\":\"1529648134183\",\"createUserId\":\"1527580959722606112\",\"deleteFlag\":1,\"dictKey\":\"1\",\"dictSort\":2,\"dictState\":\"on\",\"dictType\":\"1\",\"dictVal\":\"layui-bg-orange\",\"id\":\"1529648134182741144\",\"name\":\"橙色\",\"pDictId\":\"1529648050938198174\"}', '127.0.0.1', '4', '0', null, '1529648134189', '1527580959722606112', null, null, '1');
INSERT INTO `t_operate_log` VALUES ('1529648161326413441', '添加数据字典', 'com.cctc.fast.portal.basic.controller.DictController', 'addDict', '{\"children\":[],\"createTime\":\"1529648161315\",\"createUserId\":\"1527580959722606112\",\"deleteFlag\":1,\"dictKey\":\"2\",\"dictSort\":3,\"dictState\":\"on\",\"dictType\":\"1\",\"dictVal\":\"layui-bg-green\",\"id\":\"1529648161314922800\",\"name\":\"墨绿\",\"pDictId\":\"1529648050938198174\"}', '127.0.0.1', '11', '0', null, '1529648161328', '1527580959722606112', null, null, '1');
INSERT INTO `t_operate_log` VALUES ('1529648197143799434', '添加数据字典', 'com.cctc.fast.portal.basic.controller.DictController', 'addDict', '{\"children\":[],\"createTime\":\"1529648197140\",\"createUserId\":\"1527580959722606112\",\"deleteFlag\":1,\"dictKey\":\"3\",\"dictSort\":4,\"dictState\":\"on\",\"dictType\":\"1\",\"dictVal\":\"layui-bg-blue\",\"id\":\"1529648197140646629\",\"name\":\"蓝色\",\"pDictId\":\"1529648050938198174\"}', '127.0.0.1', '3', '0', null, '1529648197144', '1527580959722606112', null, null, '1');
INSERT INTO `t_operate_log` VALUES ('1529648227696850019', '添加数据字典', 'com.cctc.fast.portal.basic.controller.DictController', 'addDict', '{\"children\":[],\"createTime\":\"1529648227690\",\"createUserId\":\"1527580959722606112\",\"deleteFlag\":1,\"dictKey\":\"4\",\"dictSort\":5,\"dictState\":\"on\",\"dictType\":\"1\",\"dictVal\":\"layui-bg-cyan\",\"id\":\"1529648227689859002\",\"name\":\"藏青\",\"pDictId\":\"1529648050938198174\"}', '127.0.0.1', '6', '0', null, '1529648227698', '1527580959722606112', null, null, '1');
INSERT INTO `t_operate_log` VALUES ('1529648272620790180', '添加数据字典', 'com.cctc.fast.portal.basic.controller.DictController', 'addDict', '{\"children\":[],\"createTime\":\"1529648272617\",\"createUserId\":\"1527580959722606112\",\"deleteFlag\":1,\"dictKey\":\"5\",\"dictSort\":6,\"dictState\":\"on\",\"dictType\":\"1\",\"dictVal\":\"layui-bg-black\",\"id\":\"1529648272617865839\",\"name\":\"雅黑\",\"pDictId\":\"1529648050938198174\"}', '127.0.0.1', '4', '0', null, '1529648272621', '1527580959722606112', null, null, '1');
INSERT INTO `t_operate_log` VALUES ('1529650411455183584', '添加用户', 'com.cctc.fast.portal.system.controller.SysUserController', 'addSysUser', '{\"createTime\":\"1529650411442\",\"createUserId\":\"1527580959722606112\",\"deleteFlag\":1,\"roleList\":[],\"userAccount\":\"1\",\"userDesc\":\"\",\"userEmail\":\"83665832@qq.com\",\"userId\":\"1529650411434823361\",\"userMobile\":\"18691834124\",\"userName\":\"1\",\"userNickName\":\"1\",\"userPassword\":\"1\"}', '127.0.0.1', '16', '0', null, '1529650411465', '1527580959722606112', null, null, '1');
INSERT INTO `t_operate_log` VALUES ('1529650485616541615', '添加用户', 'com.cctc.fast.portal.system.controller.SysUserController', 'addSysUser', '{\"createTime\":\"1529650485613\",\"createUserId\":\"1527580959722606112\",\"deleteFlag\":1,\"roleList\":[],\"userAccount\":\"1\",\"userDesc\":\"\",\"userEmail\":\"83665832@qq.com\",\"userId\":\"1529650485612271242\",\"userMobile\":\"18691834124\",\"userName\":\"1\",\"userNickName\":\"1\",\"userPassword\":\"1\",\"userSex\":\"1\"}', '127.0.0.1', '3', '0', null, '1529650485617', '1527580959722606112', null, null, '1');
INSERT INTO `t_operate_log` VALUES ('1529651007233734675', '删除用户', 'com.cctc.fast.portal.system.controller.SysUserController', 'delSysUser', '\"1529650411434823361\"', '127.0.0.1', '3', '0', null, '1529651007234', '1527580959722606112', null, null, '1');
INSERT INTO `t_operate_log` VALUES ('1529651018939960322', '更新用户', 'com.cctc.fast.portal.system.controller.SysUserController', 'editSysUser', '{\"roleList\":[],\"updateTime\":\"1529651014708\",\"updateUserId\":\"1527580959722606112\",\"userDesc\":\"\",\"userEmail\":\"83665832@qq.com\",\"userId\":\"1529650485612271242\",\"userMobile\":\"18691834124\",\"userName\":\"1\",\"userNickName\":\"1\",\"userSex\":\"0\"}', '127.0.0.1', '4238', '0', null, '1529651018941', '1529650485612271242', null, null, '1');
INSERT INTO `t_operate_log` VALUES ('1530077190411360059', '更新数据字典', 'com.cctc.fast.portal.basic.controller.DictController', 'editDictInfo', '{\"children\":[],\"dictKey\":\"0\",\"dictSort\":1,\"dictState\":\"on\",\"dictType\":\"1\",\"dictVal\":\"系统\",\"id\":\"1529570785671231180\",\"name\":\"系统\",\"updateTime\":\"1530077190164\",\"updateUserId\":\"1527580959722606112\"}', '127.0.0.1', '8438', '0', null, '1530077190426', '1527580959722606112', null, null, '1');
INSERT INTO `t_operate_log` VALUES ('1530077208475711612', '更新数据字典', 'com.cctc.fast.portal.basic.controller.DictController', 'editDictInfo', '{\"children\":[],\"dictKey\":\"1\",\"dictSort\":2,\"dictState\":\"on\",\"dictType\":\"1\",\"dictVal\":\"模块\",\"id\":\"1529570808245701009\",\"name\":\"模块\",\"updateTime\":\"1530077208467\",\"updateUserId\":\"1527580959722606112\"}', '127.0.0.1', '5', '0', null, '1530077208481', '1527580959722606112', null, null, '1');
INSERT INTO `t_operate_log` VALUES ('1530077221736547852', '更新数据字典', 'com.cctc.fast.portal.basic.controller.DictController', 'editDictInfo', '{\"children\":[],\"dictKey\":\"2\",\"dictSort\":3,\"dictState\":\"on\",\"dictType\":\"1\",\"dictVal\":\"菜单\",\"id\":\"1529570823929723947\",\"name\":\"菜单\",\"updateTime\":\"1530077221732\",\"updateUserId\":\"1527580959722606112\"}', '127.0.0.1', '5', '0', null, '1530077221738', '1527580959722606112', null, null, '1');
INSERT INTO `t_operate_log` VALUES ('1530077257058807159', '添加数据字典', 'com.cctc.fast.portal.basic.controller.DictController', 'addDict', '{\"children\":[],\"createTime\":\"1530077257052\",\"createUserId\":\"1527580959722606112\",\"deleteFlag\":1,\"dictKey\":\"3\",\"dictSort\":4,\"dictState\":\"on\",\"dictType\":\"1\",\"dictVal\":\"按钮\",\"id\":\"1530077257049547196\",\"name\":\"按钮\",\"pDictId\":\"1529570706168308500\"}', '127.0.0.1', '8', '0', null, '1530077257060', '1527580959722606112', null, null, '1');
INSERT INTO `t_operate_log` VALUES ('1530078134061200964', '更新菜单', 'com.cctc.fast.portal.system.controller.SysMenuController', 'editSysMenu', '{\"children\":[],\"id\":\"123\",\"menuCode\":\"baseSystem\",\"menuIcon\":\"layui-icon-face-smile\",\"menuSort\":1,\"menuType\":\"0\",\"name\":\"基础系统\",\"updateTime\":\"1530078134055\",\"updateUserId\":\"1527580959722606112\",\"url\":\"sysrole/index\"}', '127.0.0.1', '9', '0', null, '1530078134064', '1527580959722606112', null, null, '1');
INSERT INTO `t_operate_log` VALUES ('1530078144302942595', '更新菜单', 'com.cctc.fast.portal.system.controller.SysMenuController', 'editSysMenu', '{\"children\":[],\"id\":\"123\",\"menuCode\":\"baseSystem\",\"menuIcon\":\"layui-icon-face-smile\",\"menuSort\":1,\"menuType\":\"0\",\"name\":\"基础系统\",\"updateTime\":\"1530078144284\",\"updateUserId\":\"1527580959722606112\",\"url\":\"\"}', '127.0.0.1', '18', '0', null, '1530078144305', '1527580959722606112', null, null, '1');
INSERT INTO `t_operate_log` VALUES ('1530080000622268134', '添加菜单', 'com.cctc.fast.portal.system.controller.SysMenuController', 'addSysMenu', '{\"children\":[],\"createTime\":\"1530080000607\",\"createUserId\":\"1527580959722606112\",\"deleteFlag\":1,\"id\":\"1530080000602165699\",\"menuCode\":\"sellSystem\",\"menuIcon\":\"layui-icon-snowflake\",\"menuSort\":2,\"menuType\":\"0\",\"name\":\"销售系统\",\"pMenuId\":\"0\",\"url\":\"\"}', '127.0.0.1', '14', '0', null, '1530080000629', '1527580959722606112', null, null, '1');
INSERT INTO `t_operate_log` VALUES ('1530080026577751836', '更新角色', 'com.cctc.fast.portal.system.controller.SysRoleController', 'editSysRole', '{\"menus\":[\"123\",\"1\",\"1528104973509143369\",\"1528104999002585644\",\"2\",\"3\",\"1529027586706587995\",\"1529027692074617899\",\"1529038764124586957\",\"1529482917795826300\",\"1529483109634629452\",\"4\",\"1528705433275863108\",\"1528786741978959110\",\"1529377915848289205\",\"1530080000602165699\"],\"roleDesc\":\"超级管理员\",\"roleId\":\"1528188405010798697\",\"roleName\":\"超级管理员\",\"updateTime\":\"1530080026526\",\"updateUserId\":\"1527580959722606112\"}', '127.0.0.1', '49', '0', null, '1530080026578', '1527580959722606112', null, null, '1');
INSERT INTO `t_operate_log` VALUES ('1530086948323584312', '更新菜单', 'com.cctc.fast.portal.system.controller.SysMenuController', 'editSysMenu', '{\"children\":[],\"id\":\"1530080000602165699\",\"menuCode\":\"sellSystem\",\"menuIcon\":\"layui-icon-snowflake\",\"menuSort\":2,\"menuType\":\"0\",\"name\":\"销售系统\",\"updateTime\":\"1530086948309\",\"updateUserId\":\"1527580959722606112\",\"url\":\"\"}', '127.0.0.1', '21', '0', null, '1530086948334', '1527580959722606112', null, null, '1');
INSERT INTO `t_operate_log` VALUES ('1530086962251762854', '更新菜单', 'com.cctc.fast.portal.system.controller.SysMenuController', 'editSysMenu', '{\"children\":[],\"id\":\"1530080000602165699\",\"menuCode\":\"sellSystem\",\"menuIcon\":\"layui-icon-rate-solid\",\"menuSort\":2,\"menuType\":\"0\",\"name\":\"销售系统\",\"updateTime\":\"1530086962247\",\"updateUserId\":\"1527580959722606112\",\"url\":\"\"}', '127.0.0.1', '4', '0', null, '1530086962252', '1527580959722606112', null, null, '1');
INSERT INTO `t_operate_log` VALUES ('1530087013354104663', '更新菜单', 'com.cctc.fast.portal.system.controller.SysMenuController', 'editSysMenu', '{\"children\":[],\"id\":\"1530080000602165699\",\"menuCode\":\"sellSystem\",\"menuIcon\":\"layui-icon-theme\",\"menuSort\":2,\"menuType\":\"0\",\"name\":\"销售系统\",\"updateTime\":\"1530087013347\",\"updateUserId\":\"1527580959722606112\",\"url\":\"\"}', '127.0.0.1', '6', '0', null, '1530087013359', '1527580959722606112', null, null, '1');
INSERT INTO `t_operate_log` VALUES ('1530088199093451818', '添加菜单', 'com.cctc.fast.portal.system.controller.SysMenuController', 'addSysMenu', '{\"children\":[],\"createTime\":\"1530088199067\",\"createUserId\":\"1527580959722606112\",\"deleteFlag\":1,\"id\":\"1530088199056837845\",\"menuCode\":\"jinhuo\",\"menuIcon\":\"layui-icon-note\",\"menuSort\":1,\"menuType\":\"1\",\"name\":\"进货管理\",\"pMenuId\":\"1530080000602165699\",\"url\":\"\"}', '127.0.0.1', '25', '0', null, '1530088199102', '1527580959722606112', null, null, '1');
INSERT INTO `t_operate_log` VALUES ('1530088214136742632', '更新角色', 'com.cctc.fast.portal.system.controller.SysRoleController', 'editSysRole', '{\"menus\":[\"123\",\"1\",\"1528104973509143369\",\"1528104999002585644\",\"2\",\"3\",\"1529027586706587995\",\"1529027692074617899\",\"1529038764124586957\",\"1529482917795826300\",\"1529483109634629452\",\"4\",\"1528705433275863108\",\"1528786741978959110\",\"1529377915848289205\",\"1530080000602165699\",\"1530088199056837845\"],\"roleDesc\":\"超级管理员\",\"roleId\":\"1528188405010798697\",\"roleName\":\"超级管理员\",\"updateTime\":\"1530088214060\",\"updateUserId\":\"1527580959722606112\"}', '127.0.0.1', '77', '0', null, '1530088214137', '1527580959722606112', null, null, '1');
INSERT INTO `t_operate_log` VALUES ('1530088563023679719', '添加菜单', 'com.cctc.fast.portal.system.controller.SysMenuController', 'addSysMenu', '{\"children\":[],\"createTime\":\"1530088563017\",\"createUserId\":\"1527580959722606112\",\"deleteFlag\":1,\"id\":\"1530088563017119925\",\"menuCode\":\"123\",\"menuIcon\":\"layui-icon-website\",\"menuSort\":1,\"menuType\":\"2\",\"name\":\"测试\",\"pMenuId\":\"1530088199056837845\",\"url\":\"\"}', '127.0.0.1', '5', '0', null, '1530088563025', '1527580959722606112', null, null, '1');
INSERT INTO `t_operate_log` VALUES ('1530088575645832670', '更新角色', 'com.cctc.fast.portal.system.controller.SysRoleController', 'editSysRole', '{\"menus\":[\"123\",\"1\",\"1528104973509143369\",\"1528104999002585644\",\"2\",\"3\",\"1529027586706587995\",\"1529027692074617899\",\"1529038764124586957\",\"1529482917795826300\",\"1529483109634629452\",\"4\",\"1528705433275863108\",\"1528786741978959110\",\"1529377915848289205\",\"1530080000602165699\",\"1530088199056837845\",\"1530088563017119925\"],\"roleDesc\":\"超级管理员\",\"roleId\":\"1528188405010798697\",\"roleName\":\"超级管理员\",\"updateTime\":\"1530088575606\",\"updateUserId\":\"1527580959722606112\"}', '127.0.0.1', '38', '0', null, '1530088575646', '1527580959722606112', null, null, '1');
INSERT INTO `t_operate_log` VALUES ('1530088969143946081', '更新角色', 'com.cctc.fast.portal.system.controller.SysRoleController', 'editSysRole', '{\"menus\":[\"123\",\"1\",\"1528104973509143369\",\"1528104999002585644\",\"2\",\"3\",\"1529027586706587995\",\"1529027692074617899\",\"1529038764124586957\",\"1529482917795826300\",\"1529483109634629452\",\"4\",\"1528705433275863108\",\"1528786741978959110\",\"1529377915848289205\"],\"roleDesc\":\"超级管理员\",\"roleId\":\"1528188405010798697\",\"roleName\":\"超级管理员\",\"updateTime\":\"1530088969098\",\"updateUserId\":\"1527580959722606112\"}', '127.0.0.1', '45', '0', null, '1530088969152', '1527580959722606112', null, null, '1');
INSERT INTO `t_operate_log` VALUES ('1530088989614477843', '更新角色', 'com.cctc.fast.portal.system.controller.SysRoleController', 'editSysRole', '{\"menus\":[\"123\",\"1\",\"1528104973509143369\",\"1528104999002585644\",\"2\",\"3\",\"1529027586706587995\",\"1529027692074617899\",\"1529038764124586957\",\"1529482917795826300\",\"1529483109634629452\",\"4\",\"1528705433275863108\",\"1528786741978959110\",\"1529377915848289205\",\"1530080000602165699\",\"1530088199056837845\",\"1530088563017119925\"],\"roleDesc\":\"超级管理员\",\"roleId\":\"1528188405010798697\",\"roleName\":\"超级管理员\",\"updateTime\":\"1530088989579\",\"updateUserId\":\"1527580959722606112\"}', '127.0.0.1', '33', '0', null, '1530088989615', '1527580959722606112', null, null, '1');
INSERT INTO `t_operate_log` VALUES ('1530150339807791303', '添加角色', 'com.cctc.fast.portal.system.controller.SysRoleController', 'addSysRole', '{\"createTime\":\"1530150339740\",\"createUserId\":\"1527580959722606112\",\"deleteFlag\":1,\"menus\":[\"123\",\"1\",\"2\",\"3\"],\"roleDesc\":\"测试\",\"roleId\":\"1530150339737846528\",\"roleName\":\"测试\"}', '127.0.0.1', '68', '0', null, '1530150339817', '1527580959722606112', null, null, '1');
INSERT INTO `t_operate_log` VALUES ('1530150352294852880', '删除角色', 'com.cctc.fast.portal.system.controller.SysRoleController', 'delSysRole', '\"1530150339737846528\"', '127.0.0.1', '5', '0', null, '1530150352295', '1527580959722606112', null, null, '1');
INSERT INTO `t_operate_log` VALUES ('1530150778653512535', '添加角色', 'com.cctc.fast.portal.system.controller.SysRoleController', 'addSysRole', '{\"createTime\":\"1530150778591\",\"createUserId\":\"1527580959722606112\",\"deleteFlag\":1,\"menus\":[\"123\",\"1\",\"1528104999002585644\",\"2\",\"3\",\"1528104973509143369\",\"1529482917795826300\",\"1529483109634629452\",\"4\",\"1528705433275863108\",\"1528786741978959110\",\"1529377915848289205\",\"1529027586706587995\",\"1529027692074617899\",\"1529038764124586957\"],\"roleDesc\":\"1\",\"roleId\":\"1530150778590653443\",\"roleName\":\"测试\"}', '127.0.0.1', '61', '0', null, '1530150778668', '1527580959722606112', null, null, '1');
INSERT INTO `t_operate_log` VALUES ('1530150803730500996', '更新角色', 'com.cctc.fast.portal.system.controller.SysRoleController', 'editSysRole', '{\"menus\":[\"123\",\"1\",\"1528104973509143369\",\"1528104999002585644\",\"2\",\"3\",\"1529027586706587995\",\"1529027692074617899\",\"1529038764124586957\",\"1529482917795826300\",\"1529483109634629452\",\"4\",\"1528705433275863108\",\"1528786741978959110\",\"1529377915848289205\",\"1530080000602165699\",\"1530088199056837845\",\"1530088563017119925\"],\"roleDesc\":\"1\",\"roleId\":\"1530150778590653443\",\"roleName\":\"测试\",\"updateTime\":\"1530150803678\",\"updateUserId\":\"1527580959722606112\"}', '127.0.0.1', '55', '0', null, '1530150803731', '1527580959722606112', null, null, '1');
INSERT INTO `t_operate_log` VALUES ('1530150810164249039', '更新角色', 'com.cctc.fast.portal.system.controller.SysRoleController', 'editSysRole', '{\"menus\":[\"1530080000602165699\",\"1530088199056837845\",\"1530088563017119925\"],\"roleDesc\":\"1\",\"roleId\":\"1530150778590653443\",\"roleName\":\"测试\",\"updateTime\":\"1530150810151\",\"updateUserId\":\"1527580959722606112\"}', '127.0.0.1', '14', '0', null, '1530150810165', '1527580959722606112', null, null, '1');
INSERT INTO `t_operate_log` VALUES ('1530150828716642392', '删除角色', 'com.cctc.fast.portal.system.controller.SysRoleController', 'delSysRole', '\"1530150778590653443\"', '127.0.0.1', '7', '0', null, '1530150828718', '1527580959722606112', null, null, '1');
INSERT INTO `t_operate_log` VALUES ('1530158458109894714', '更新菜单', 'com.cctc.fast.portal.system.controller.SysMenuController', 'editSysMenu', '{\"children\":[],\"id\":\"1530088563017119925\",\"menuCode\":\"123\",\"menuIcon\":\"layui-icon-website\",\"menuSort\":1,\"menuType\":\"2\",\"name\":\"测试\",\"updateTime\":\"1530158458071\",\"updateUserId\":\"1527580959722606112\",\"url\":\"cctc\"}', '127.0.0.1', '45', '0', null, '1530158458123', '1527580959722606112', null, null, '1');
INSERT INTO `t_operate_log` VALUES ('1530165883203175043', '更新菜单', 'com.cctc.fast.portal.system.controller.SysMenuController', 'editSysMenu', '{\"children\":[],\"id\":\"1530088563017119925\",\"menuCode\":\"123\",\"menuIcon\":\"layui-icon-website\",\"menuSort\":1,\"menuType\":\"2\",\"name\":\"测试\",\"updateTime\":\"1530165883184\",\"updateUserId\":\"1527580959722606112\",\"url\":\"icon1\"}', '127.0.0.1', '25', '0', null, '1530165883216', '1527580959722606112', null, null, '1');
INSERT INTO `t_operate_log` VALUES ('1530167565169273122', '更新菜单', 'com.cctc.fast.portal.system.controller.SysMenuController', 'editSysMenu', '{\"children\":[],\"id\":\"1530088563017119925\",\"menuCode\":\"123\",\"menuIcon\":\"layui-icon-website\",\"menuSort\":1,\"menuType\":\"2\",\"name\":\"测试\",\"updateTime\":\"1530167565143\",\"updateUserId\":\"1527580959722606112\",\"url\":\"1231\"}', '127.0.0.1', '32', '0', null, '1530167565185', '1527580959722606112', null, null, '1');
INSERT INTO `t_operate_log` VALUES ('1530169793851831048', '更新菜单', 'com.cctc.fast.portal.system.controller.SysMenuController', 'editSysMenu', '{\"children\":[],\"id\":\"1530088563017119925\",\"menuCode\":\"123\",\"menuIcon\":\"icon-damailogo\",\"menuSort\":1,\"menuType\":\"2\",\"name\":\"测试\",\"updateTime\":\"1530169793834\",\"updateUserId\":\"1527580959722606112\",\"url\":\"1231\"}', '127.0.0.1', '25', '0', null, '1530169793867', '1527580959722606112', null, null, '1');
INSERT INTO `t_operate_log` VALUES ('1530170781964933465', '更新菜单', 'com.cctc.fast.portal.system.controller.SysMenuController', 'editSysMenu', '{\"children\":[],\"id\":\"1530088563017119925\",\"menuCode\":\"123\",\"menuIcon\":\"icon-guanbiqita\",\"menuSort\":1,\"menuType\":\"2\",\"name\":\"测试\",\"updateTime\":\"1530170781941\",\"updateUserId\":\"1527580959722606112\",\"url\":\"1231\"}', '127.0.0.1', '22', '0', null, '1530170781966', '1527580959722606112', null, null, '1');
INSERT INTO `t_operate_log` VALUES ('1530516986390821837', '更新菜单', 'com.cctc.fast.portal.system.controller.SysMenuController', 'editSysMenu', '{\"children\":[],\"id\":\"1529038764124586957\",\"menuCode\":\"operlog:index\",\"menuIcon\":\"layui-icon-chart-screen\",\"menuSort\":2,\"menuType\":\"2\",\"name\":\"操作日志监控\",\"updateTime\":\"1530516986348\",\"updateUserId\":\"1527580959722606112\",\"url\":\"monitor/operlog/index\"}', '127.0.0.1', '49', '0', null, '1530516986403', '1527580959722606112', null, null, '1');
INSERT INTO `t_operate_log` VALUES ('1530517115359810757', '添加菜单', 'com.cctc.fast.portal.system.controller.SysMenuController', 'addSysMenu', '{\"children\":[],\"createTime\":\"1530517115347\",\"createUserId\":\"1527580959722606112\",\"deleteFlag\":1,\"id\":\"1530517115342822760\",\"menuCode\":\"1\",\"menuIcon\":\"layui-icon-user\",\"menuSort\":3,\"menuType\":\"2\",\"name\":\"在线用户\",\"pMenuId\":\"1529027586706587995\",\"url\":\"monitor/online\"}', '127.0.0.1', '12', '0', null, '1530517115361', '1527580959722606112', null, null, '1');
INSERT INTO `t_operate_log` VALUES ('1530517138673833881', '更新菜单', 'com.cctc.fast.portal.system.controller.SysMenuController', 'editSysMenu', '{\"children\":[],\"id\":\"1530517115342822760\",\"menuCode\":\"1\",\"menuIcon\":\"layui-icon-user\",\"menuSort\":3,\"menuType\":\"2\",\"name\":\"在线用户\",\"updateTime\":\"1530517138668\",\"updateUserId\":\"1527580959722606112\",\"url\":\"monitor/online/user\"}', '127.0.0.1', '5', '0', null, '1530517138674', '1527580959722606112', null, null, '1');
INSERT INTO `t_operate_log` VALUES ('1530517174015885082', '更新菜单', 'com.cctc.fast.portal.system.controller.SysMenuController', 'editSysMenu', '{\"children\":[],\"id\":\"1530517115342822760\",\"menuCode\":\"online:user\",\"menuIcon\":\"layui-icon-user\",\"menuSort\":3,\"menuType\":\"2\",\"name\":\"在线用户\",\"updateTime\":\"1530517174011\",\"updateUserId\":\"1527580959722606112\",\"url\":\"monitor/online/user\"}', '127.0.0.1', '5', '0', null, '1530517174017', '1527580959722606112', null, null, '1');
INSERT INTO `t_operate_log` VALUES ('1530517183222558747', '更新角色', 'com.cctc.fast.portal.system.controller.SysRoleController', 'editSysRole', '{\"menus\":[\"123\",\"1\",\"1528104973509143369\",\"1528104999002585644\",\"2\",\"3\",\"1529027586706587995\",\"1529027692074617899\",\"1529038764124586957\",\"1530517115342822760\",\"1529482917795826300\",\"1529483109634629452\",\"4\",\"1528705433275863108\",\"1528786741978959110\",\"1529377915848289205\",\"1530080000602165699\",\"1530088199056837845\",\"1530088563017119925\"],\"roleDesc\":\"超级管理员\",\"roleId\":\"1528188405010798697\",\"roleName\":\"超级管理员\",\"updateTime\":\"1530517183154\",\"updateUserId\":\"1527580959722606112\"}', '127.0.0.1', '68', '0', null, '1530517183223', '1527580959722606112', null, null, '1');
INSERT INTO `t_operate_log` VALUES ('1530519137540786182', '更新菜单', 'com.cctc.fast.portal.system.controller.SysMenuController', 'editSysMenu', '{\"children\":[],\"id\":\"1530517115342822760\",\"menuCode\":\"online:index\",\"menuIcon\":\"layui-icon-user\",\"menuSort\":3,\"menuType\":\"2\",\"name\":\"在线用户\",\"updateTime\":\"1530519137513\",\"updateUserId\":\"1527580959722606112\",\"url\":\"monitor/online/index\"}', '127.0.0.1', '34', '0', null, '1530519137549', '1527580959722606112', null, null, '1');
INSERT INTO `t_operate_log` VALUES ('1530605801831746412', '更新角色', 'com.cctc.fast.portal.system.controller.SysRoleController', 'editSysRole', '{\"menus\":[\"123\",\"1\",\"1528104973509143369\",\"2\",\"3\",\"1529027586706587995\",\"1529027692074617899\",\"1529038764124586957\",\"1530517115342822760\",\"1529482917795826300\",\"1529483109634629452\",\"4\",\"1528705433275863108\",\"1528786741978959110\",\"1529377915848289205\",\"1530080000602165699\",\"1530088199056837845\",\"1530088563017119925\"],\"roleDesc\":\"超级管理员\",\"roleId\":\"1528188405010798697\",\"roleName\":\"超级管理员\",\"updateTime\":\"1530605801728\",\"updateUserId\":\"1527580959722606112\"}', '127.0.0.1', '106', '0', null, '1530605801843', '1527580959722606112', null, null, '1');
INSERT INTO `t_operate_log` VALUES ('1530605817952797629', '更新角色', 'com.cctc.fast.portal.system.controller.SysRoleController', 'editSysRole', '{\"menus\":[\"123\",\"1\",\"1528104973509143369\",\"1528104999002585644\",\"2\",\"3\",\"1529027586706587995\",\"1529027692074617899\",\"1529038764124586957\",\"1530517115342822760\",\"1529482917795826300\",\"1529483109634629452\",\"4\",\"1528705433275863108\",\"1528786741978959110\",\"1529377915848289205\",\"1530080000602165699\",\"1530088199056837845\",\"1530088563017119925\"],\"roleDesc\":\"超级管理员\",\"roleId\":\"1528188405010798697\",\"roleName\":\"超级管理员\",\"updateTime\":\"1530605817881\",\"updateUserId\":\"1527580959722606112\"}', '127.0.0.1', '70', '0', null, '1530605817955', '1527580959722606112', null, null, '1');
INSERT INTO `t_operate_log` VALUES ('1530605835831822657', '更新角色', 'com.cctc.fast.portal.system.controller.SysRoleController', 'editSysRole', '{\"menus\":[\"123\",\"1\",\"1528104973509143369\",\"2\",\"3\",\"1529027586706587995\",\"1529027692074617899\",\"1529038764124586957\",\"1530517115342822760\",\"1529482917795826300\",\"1529483109634629452\",\"4\",\"1528705433275863108\",\"1528786741978959110\",\"1529377915848289205\",\"1530080000602165699\",\"1530088199056837845\",\"1530088563017119925\"],\"roleDesc\":\"超级管理员\",\"roleId\":\"1528188405010798697\",\"roleName\":\"超级管理员\",\"updateTime\":\"1530605835784\",\"updateUserId\":\"1527580959722606112\"}', '127.0.0.1', '47', '0', null, '1530605835861', '1527580959722606112', null, null, '1');
INSERT INTO `t_operate_log` VALUES ('1530605873428177196', '更新角色', 'com.cctc.fast.portal.system.controller.SysRoleController', 'editSysRole', '{\"menus\":[\"123\",\"1\",\"1528104973509143369\",\"1528104999002585644\",\"2\",\"3\",\"1529027586706587995\",\"1529027692074617899\",\"1529038764124586957\",\"1530517115342822760\",\"1529482917795826300\",\"1529483109634629452\",\"4\",\"1528705433275863108\",\"1528786741978959110\",\"1529377915848289205\",\"1530080000602165699\",\"1530088199056837845\",\"1530088563017119925\"],\"roleDesc\":\"超级管理员\",\"roleId\":\"1528188405010798697\",\"roleName\":\"超级管理员\",\"updateTime\":\"1530605873384\",\"updateUserId\":\"1527580959722606112\"}', '127.0.0.1', '43', '0', null, '1530605873429', '1527580959722606112', null, null, '1');
INSERT INTO `t_operate_log` VALUES ('1530693140319300372', '添加用户', 'com.cctc.fast.portal.system.controller.SysUserController', 'addSysUser', '{\"createTime\":\"1530693140287\",\"createUserId\":\"1527580959722606112\",\"deleteFlag\":1,\"roleList\":[\"1528188405010798697\"],\"salt\":\"ed52f9\",\"userAccount\":\"ce\",\"userDesc\":\"dsa \",\"userEmail\":\"83665832@qq.com\",\"userId\":\"1530693140280849841\",\"userMobile\":\"18691834124\",\"userName\":\"大大小小\",\"userNickName\":\"Hejeo\",\"userPassword\":\"85e89aa3cb2ee79f79f99cb941f6dca6\",\"userSex\":\"0\"}', '127.0.0.1', '38', '0', null, '1530693140334', '1527580959722606112', null, null, '1');
INSERT INTO `t_operate_log` VALUES ('1531188084910610563', '更新用户', 'com.cctc.fast.portal.system.controller.SysUserController', 'editSysUser', '{\"updateTime\":\"1531188084886\",\"updateUserId\":\"1527580959722606112\",\"userDesc\":\"用户介绍\",\"userEmail\":\"83665832@qq.com\",\"userId\":\"1527580959722606112\",\"userImage\":\"1529105866669.jpg\",\"userMobile\":\"18691834124\",\"userName\":\"Hejeo\",\"userNickName\":\"Hejeo\",\"userSex\":\"0\"}', '127.0.0.1', '31', '0', null, '1531188084928', '1527580959722606112', null, null, '1');
INSERT INTO `t_operate_log` VALUES ('1531194631598955171', '更新角色', 'com.cctc.fast.portal.system.controller.SysRoleController', 'editSysRole', '{\"menus\":[\"123\",\"1\",\"1528104973509143369\",\"1528104999002585644\",\"2\",\"1529027586706587995\",\"1529027692074617899\",\"1529038764124586957\",\"1530517115342822760\",\"1529482917795826300\",\"1529483109634629452\",\"4\",\"1528705433275863108\",\"1528786741978959110\",\"1529377915848289205\",\"1530080000602165699\",\"1530088199056837845\",\"1530088563017119925\"],\"roleDesc\":\"超级管理员\",\"roleId\":\"1528188405010798697\",\"roleName\":\"超级管理员\",\"updateTime\":\"1531194631504\",\"updateUserId\":\"1527580959722606112\"}', '127.0.0.1', '95', '0', null, '1531194631616', '1527580959722606112', null, null, '1');
INSERT INTO `t_operate_log` VALUES ('1531195220688499639', '更新角色', 'com.cctc.fast.portal.system.controller.SysRoleController', 'editSysRole', '{\"menus\":[\"123\",\"1\",\"1528104973509143369\",\"1528104999002585644\",\"2\",\"3\",\"1529027586706587995\",\"1529027692074617899\",\"1529038764124586957\",\"1530517115342822760\",\"1529482917795826300\",\"1529483109634629452\",\"4\",\"1528705433275863108\",\"1528786741978959110\",\"1529377915848289205\",\"1530080000602165699\",\"1530088199056837845\",\"1530088563017119925\"],\"roleDesc\":\"超级管理员\",\"roleId\":\"1528188405010798697\",\"roleName\":\"超级管理员\",\"updateTime\":\"1531195220523\",\"updateUserId\":\"1527580959722606112\"}', '127.0.0.1', '142', '0', null, '1531195220720', '1527580959722606112', null, null, '1');
INSERT INTO `t_operate_log` VALUES ('1531195302103589413', '添加菜单', 'com.cctc.fast.portal.system.controller.SysMenuController', 'addSysMenu', '{\"children\":[],\"createTime\":\"1531195302095\",\"createUserId\":\"1527580959722606112\",\"deleteFlag\":1,\"id\":\"1531195302090217769\",\"menuCode\":\"sysuser:resetPassword\",\"menuIcon\":\"\",\"menuSort\":2,\"menuType\":\"3\",\"name\":\"重置密码\",\"pMenuId\":\"2\",\"url\":\"\"}', '127.0.0.1', '9', '0', null, '1531195302104', '1527580959722606112', null, null, '1');
INSERT INTO `t_operate_log` VALUES ('1531195331748358860', '更新角色', 'com.cctc.fast.portal.system.controller.SysRoleController', 'editSysRole', '{\"menus\":[\"123\",\"1\",\"1528104973509143369\",\"1528104999002585644\",\"2\",\"1531195302090217769\",\"3\",\"1529027586706587995\",\"1529027692074617899\",\"1529038764124586957\",\"1530517115342822760\",\"1529482917795826300\",\"1529483109634629452\",\"4\",\"1528705433275863108\",\"1528786741978959110\",\"1529377915848289205\",\"1530080000602165699\",\"1530088199056837845\",\"1530088563017119925\"],\"roleDesc\":\"超级管理员\",\"roleId\":\"1528188405010798697\",\"roleName\":\"超级管理员\",\"updateTime\":\"1531195331687\",\"updateUserId\":\"1527580959722606112\"}', '127.0.0.1', '57', '0', null, '1531195331749', '1527580959722606112', null, null, '1');
INSERT INTO `t_operate_log` VALUES ('1531195349037531248', '重置密码', 'com.cctc.fast.portal.system.controller.SysUserController', 'resetPassword', '\"1527582255439676960\"', '127.0.0.1', '14', '0', null, '1531195349039', '1527580959722606112', null, null, '1');
INSERT INTO `t_operate_log` VALUES ('1531195354379468880', '重置密码', 'com.cctc.fast.portal.system.controller.SysUserController', 'resetPassword', '\"1527582255439676960\"', '127.0.0.1', '7', '0', null, '1531195354380', '1527580959722606112', null, null, '1');
INSERT INTO `t_operate_log` VALUES ('1531195358227624611', '重置密码', 'com.cctc.fast.portal.system.controller.SysUserController', 'resetPassword', '\"1527643826399313090\"', '127.0.0.1', '7', '0', null, '1531195358229', '1527580959722606112', null, null, '1');
INSERT INTO `t_operate_log` VALUES ('1531195384449512969', '重置密码', 'com.cctc.fast.portal.system.controller.SysUserController', 'resetPassword', '\"1527582255439676960\"', '127.0.0.1', '6', '0', null, '1531195384450', '1527580959722606112', null, null, '1');
INSERT INTO `t_operate_log` VALUES ('1531195392107996836', '重置密码', 'com.cctc.fast.portal.system.controller.SysUserController', 'resetPassword', '\"1527582255439676960\"', '127.0.0.1', '16', '0', null, '1531195392109', '1527580959722606112', null, null, '1');
INSERT INTO `t_operate_log` VALUES ('1531195409250400130', '重置密码', 'com.cctc.fast.portal.system.controller.SysUserController', 'resetPassword', '\"1527582255439676960\"', '127.0.0.1', '6', '0', null, '1531195409251', '1527580959722606112', null, null, '1');
INSERT INTO `t_operate_log` VALUES ('1531199302108785830', '重置密码', 'com.cctc.fast.portal.system.controller.SysUserController', 'resetPassword', '\"1527582255439676960\"', '127.0.0.1', '21', '0', null, '1531199302118', '1527580959722606112', null, null, '1');
INSERT INTO `t_operate_log` VALUES ('1531199313681100540', '重置密码', 'com.cctc.fast.portal.system.controller.SysUserController', 'resetPassword', '\"1527643826399313090\"', '127.0.0.1', '9', '0', null, '1531199313682', '1527580959722606112', null, null, '1');
INSERT INTO `t_operate_log` VALUES ('1531200461781894773', '更新菜单', 'com.cctc.fast.portal.system.controller.SysMenuController', 'editSysMenu', '{\"children\":[],\"id\":\"3\",\"menuCode\":\"sysuser:add\",\"menuIcon\":\"3\",\"menuSort\":1,\"menuType\":\"3\",\"name\":\"添加用户\",\"updateTime\":\"1531200461769\",\"updateUserId\":\"1527580959722606112\",\"url\":\"\"}', '127.0.0.1', '18', '0', null, '1531200461793', '1527580959722606112', null, null, '1');
INSERT INTO `t_operate_log` VALUES ('1531201657826433775', '添加菜单', 'com.cctc.fast.portal.system.controller.SysMenuController', 'addSysMenu', '{\"children\":[],\"createTime\":\"1531201657819\",\"createUserId\":\"1527580959722606112\",\"deleteFlag\":1,\"id\":\"1531201657813923387\",\"menuCode\":\"sysmenu:add\",\"menuIcon\":\"\",\"menuSort\":1,\"menuType\":\"3\",\"name\":\"添加菜单\",\"pMenuId\":\"1528104999002585644\",\"url\":\"\"}', '127.0.0.1', '12', '0', null, '1531201657828', '1527580959722606112', null, null, '1');
INSERT INTO `t_operate_log` VALUES ('1531201717827470798', '添加菜单', 'com.cctc.fast.portal.system.controller.SysMenuController', 'addSysMenu', '{\"children\":[],\"createTime\":\"1531201717823\",\"createUserId\":\"1527580959722606112\",\"deleteFlag\":1,\"id\":\"1531201717822487033\",\"menuCode\":\"sysmenu:edit\",\"menuIcon\":\"\",\"menuSort\":2,\"menuType\":\"3\",\"name\":\"编辑菜单\",\"pMenuId\":\"1528104999002585644\",\"url\":\"\"}', '127.0.0.1', '5', '0', null, '1531201717828', '1527580959722606112', null, null, '1');
INSERT INTO `t_operate_log` VALUES ('1531201770619894808', '添加菜单', 'com.cctc.fast.portal.system.controller.SysMenuController', 'addSysMenu', '{\"children\":[],\"createTime\":\"1531201770612\",\"createUserId\":\"1527580959722606112\",\"deleteFlag\":1,\"id\":\"1531201770612519935\",\"menuCode\":\"sysmenu:delete\",\"menuIcon\":\"\",\"menuSort\":3,\"menuType\":\"3\",\"name\":\"删除菜单\",\"pMenuId\":\"1528104999002585644\",\"url\":\"\"}', '127.0.0.1', '5', '0', null, '1531201770620', '1527580959722606112', null, null, '1');
INSERT INTO `t_operate_log` VALUES ('1531202079039102995', '添加菜单', 'com.cctc.fast.portal.system.controller.SysMenuController', 'addSysMenu', '{\"children\":[],\"createTime\":\"1531202079022\",\"createUserId\":\"1527580959722606112\",\"deleteFlag\":1,\"id\":\"1531202079021306414\",\"menuCode\":\"sysuser:edit\",\"menuIcon\":\"\",\"menuSort\":2,\"menuType\":\"3\",\"name\":\"编辑用户\",\"pMenuId\":\"2\",\"url\":\"\"}', '127.0.0.1', '6', '0', null, '1531202079042', '1527580959722606112', null, null, '1');
INSERT INTO `t_operate_log` VALUES ('1531202135177914754', '添加菜单', 'com.cctc.fast.portal.system.controller.SysMenuController', 'addSysMenu', '{\"children\":[],\"createTime\":\"1531202135173\",\"createUserId\":\"1527580959722606112\",\"deleteFlag\":1,\"id\":\"1531202135171547628\",\"menuCode\":\"sysuser:delete\",\"menuIcon\":\"\",\"menuSort\":3,\"menuType\":\"3\",\"name\":\"删除用户\",\"pMenuId\":\"2\",\"url\":\"\"}', '127.0.0.1', '5', '0', null, '1531202135179', '1527580959722606112', null, null, '1');
INSERT INTO `t_operate_log` VALUES ('1531202201799168039', '添加菜单', 'com.cctc.fast.portal.system.controller.SysMenuController', 'addSysMenu', '{\"children\":[],\"createTime\":\"1531202201788\",\"createUserId\":\"1527580959722606112\",\"deleteFlag\":1,\"id\":\"1531202201788356156\",\"menuCode\":\"sysuser:deleteAll\",\"menuIcon\":\"\",\"menuSort\":4,\"menuType\":\"3\",\"name\":\"批量删除用户\",\"pMenuId\":\"2\",\"url\":\"\"}', '127.0.0.1', '11', '0', null, '1531202201802', '1527580959722606112', null, null, '1');
INSERT INTO `t_operate_log` VALUES ('1531202226321600267', '更新菜单', 'com.cctc.fast.portal.system.controller.SysMenuController', 'editSysMenu', '{\"children\":[],\"id\":\"1531195302090217769\",\"menuCode\":\"sysuser:resetPassword\",\"menuIcon\":\"\",\"menuSort\":5,\"menuType\":\"3\",\"name\":\"重置密码\",\"updateTime\":\"1531202226316\",\"updateUserId\":\"1527580959722606112\",\"url\":\"\"}', '127.0.0.1', '6', '0', null, '1531202226332', '1527580959722606112', null, null, '1');
INSERT INTO `t_operate_log` VALUES ('1531202288465926475', '添加菜单', 'com.cctc.fast.portal.system.controller.SysMenuController', 'addSysMenu', '{\"children\":[],\"createTime\":\"1531202288458\",\"createUserId\":\"1527580959722606112\",\"deleteFlag\":1,\"id\":\"1531202288457417248\",\"menuCode\":\"sysrole:add\",\"menuIcon\":\"\",\"menuSort\":1,\"menuType\":\"3\",\"name\":\"添加角色\",\"pMenuId\":\"1528104973509143369\",\"url\":\"\"}', '127.0.0.1', '5', '0', null, '1531202288467', '1527580959722606112', null, null, '1');
INSERT INTO `t_operate_log` VALUES ('1531202323728962441', '添加菜单', 'com.cctc.fast.portal.system.controller.SysMenuController', 'addSysMenu', '{\"children\":[],\"createTime\":\"1531202323724\",\"createUserId\":\"1527580959722606112\",\"deleteFlag\":1,\"id\":\"1531202323723549279\",\"menuCode\":\"sysrole:edit\",\"menuIcon\":\"\",\"menuSort\":2,\"menuType\":\"3\",\"name\":\"编辑角色\",\"pMenuId\":\"1528104973509143369\",\"url\":\"\"}', '127.0.0.1', '4', '0', null, '1531202323729', '1527580959722606112', null, null, '1');
INSERT INTO `t_operate_log` VALUES ('1531202347686371653', '添加菜单', 'com.cctc.fast.portal.system.controller.SysMenuController', 'addSysMenu', '{\"children\":[],\"createTime\":\"1531202347682\",\"createUserId\":\"1527580959722606112\",\"deleteFlag\":1,\"id\":\"1531202347682352347\",\"menuCode\":\"sysrole:delete\",\"menuIcon\":\"\",\"menuSort\":3,\"menuType\":\"3\",\"name\":\"删除角色\",\"pMenuId\":\"1528104973509143369\",\"url\":\"\"}', '127.0.0.1', '4', '0', null, '1531202347688', '1527580959722606112', null, null, '1');
INSERT INTO `t_operate_log` VALUES ('1531202415349790317', '添加菜单', 'com.cctc.fast.portal.system.controller.SysMenuController', 'addSysMenu', '{\"children\":[],\"createTime\":\"1531202415346\",\"createUserId\":\"1527580959722606112\",\"deleteFlag\":1,\"id\":\"1531202415345764695\",\"menuCode\":\"sysrole:deleteAll\",\"menuIcon\":\"\",\"menuSort\":4,\"menuType\":\"3\",\"name\":\"批量删除角色\",\"pMenuId\":\"1528104973509143369\",\"url\":\"\"}', '127.0.0.1', '4', '0', null, '1531202415351', '1527580959722606112', null, null, '1');
INSERT INTO `t_operate_log` VALUES ('1531202491149254126', '添加菜单', 'com.cctc.fast.portal.system.controller.SysMenuController', 'addSysMenu', '{\"children\":[],\"createTime\":\"1531202491143\",\"createUserId\":\"1527580959722606112\",\"deleteFlag\":1,\"id\":\"1531202491142842485\",\"menuCode\":\"dict:add\",\"menuIcon\":\"\",\"menuSort\":1,\"menuType\":\"3\",\"name\":\"添加\",\"pMenuId\":\"1529483109634629452\",\"url\":\"\"}', '127.0.0.1', '7', '0', null, '1531202491151', '1527580959722606112', null, null, '1');
INSERT INTO `t_operate_log` VALUES ('1531202508895460705', '添加菜单', 'com.cctc.fast.portal.system.controller.SysMenuController', 'addSysMenu', '{\"children\":[],\"createTime\":\"1531202508890\",\"createUserId\":\"1527580959722606112\",\"deleteFlag\":1,\"id\":\"1531202508889626221\",\"menuCode\":\"dict:edit\",\"menuIcon\":\"\",\"menuSort\":2,\"menuType\":\"3\",\"name\":\"编辑\",\"pMenuId\":\"1529483109634629452\",\"url\":\"\"}', '127.0.0.1', '6', '0', null, '1531202508896', '1527580959722606112', null, null, '1');
INSERT INTO `t_operate_log` VALUES ('1531202555982219931', '添加菜单', 'com.cctc.fast.portal.system.controller.SysMenuController', 'addSysMenu', '{\"children\":[],\"createTime\":\"1531202555979\",\"createUserId\":\"1527580959722606112\",\"deleteFlag\":1,\"id\":\"1531202555978588688\",\"menuCode\":\"dict:delete\",\"menuIcon\":\"\",\"menuSort\":3,\"menuType\":\"3\",\"name\":\"删除\",\"pMenuId\":\"1529483109634629452\",\"url\":\"\"}', '127.0.0.1', '4', '0', null, '1531202555983', '1527580959722606112', null, null, '1');
INSERT INTO `t_operate_log` VALUES ('1531202640328413779', '添加菜单', 'com.cctc.fast.portal.system.controller.SysMenuController', 'addSysMenu', '{\"children\":[],\"createTime\":\"1531202640325\",\"createUserId\":\"1527580959722606112\",\"deleteFlag\":1,\"id\":\"1531202640324471708\",\"menuCode\":\"operlog:delete\",\"menuIcon\":\"\",\"menuSort\":1,\"menuType\":\"3\",\"name\":\"删除日志\",\"pMenuId\":\"1529038764124586957\",\"url\":\"\"}', '127.0.0.1', '4', '0', null, '1531202640330', '1527580959722606112', null, null, '1');
INSERT INTO `t_operate_log` VALUES ('1531202669798768932', '添加菜单', 'com.cctc.fast.portal.system.controller.SysMenuController', 'addSysMenu', '{\"children\":[],\"createTime\":\"1531202669794\",\"createUserId\":\"1527580959722606112\",\"deleteFlag\":1,\"id\":\"1531202669794980069\",\"menuCode\":\"operlog:deleteAll\",\"menuIcon\":\"\",\"menuSort\":2,\"menuType\":\"3\",\"name\":\"批量删除日志\",\"pMenuId\":\"1529038764124586957\",\"url\":\"\"}', '127.0.0.1', '4', '0', null, '1531202669799', '1527580959722606112', null, null, '1');
INSERT INTO `t_operate_log` VALUES ('1531203212877546525', '更新角色', 'com.cctc.fast.portal.system.controller.SysRoleController', 'editSysRole', '{\"menus\":[\"123\",\"1\",\"1528104973509143369\",\"1531202288457417248\",\"1531202323723549279\",\"1531202347682352347\",\"1531202415345764695\",\"1528104999002585644\",\"1531201657813923387\",\"1531201717822487033\",\"1531201770612519935\",\"2\",\"1531195302090217769\",\"1531202079021306414\",\"1531202135171547628\",\"1531202201788356156\",\"3\",\"1529027586706587995\",\"1529027692074617899\",\"1529038764124586957\",\"1531202640324471708\",\"1531202669794980069\",\"1530517115342822760\",\"1529482917795826300\",\"1529483109634629452\",\"1531202491142842485\",\"1531202508889626221\",\"1531202555978588688\",\"4\",\"1528705433275863108\",\"1528786741978959110\",\"1529377915848289205\",\"1530080000602165699\",\"1530088199056837845\",\"1530088563017119925\"],\"roleDesc\":\"超级管理员\",\"roleId\":\"1528188405010798697\",\"roleName\":\"超级管理员\",\"updateTime\":\"1531203212686\",\"updateUserId\":\"1527580959722606112\"}', '127.0.0.1', '149', '0', null, '1531203212890', '1527580959722606112', null, null, '1');
INSERT INTO `t_operate_log` VALUES ('1531203352670426358', '删除选中操作日志', 'com.cctc.fast.portal.monitor.operlog.OperlogController', 'delSelectSysUser', '\"[\\\"1529482917857612208\\\",\\\"1529377942438953876\\\",\\\"1529377934335864861\\\",\\\"1529377915867197234\\\",\\\"1529040279609998268\\\",\\\"1529040273190530723\\\",\\\"1529040001753896052\\\"]\"', '127.0.0.1', '49', '0', null, '1531203352678', '1527580959722606112', null, null, '0');
INSERT INTO `t_operate_log` VALUES ('1531203361810530153', '删除选中操作日志', 'com.cctc.fast.portal.monitor.operlog.OperlogController', 'delSelectSysUser', '\"[\\\"1529482942761826581\\\"]\"', '127.0.0.1', '33', '0', null, '1531203361812', '1527580959722606112', null, null, '0');
INSERT INTO `t_operate_log` VALUES ('1531203677295954214', '更新角色', 'com.cctc.fast.portal.system.controller.SysRoleController', 'editSysRole', '{\"menus\":[\"123\",\"1\",\"1528104973509143369\",\"1531202288457417248\",\"1531202323723549279\",\"1531202347682352347\",\"1531202415345764695\",\"1528104999002585644\",\"1531201657813923387\",\"1531201717822487033\",\"1531201770612519935\",\"2\",\"1531195302090217769\",\"1531202079021306414\",\"1531202135171547628\",\"1531202201788356156\",\"3\",\"1529027586706587995\",\"1529027692074617899\",\"1529038764124586957\",\"1531202640324471708\",\"1531202669794980069\",\"1529482917795826300\",\"1529483109634629452\",\"1531202491142842485\",\"1531202508889626221\",\"1531202555978588688\",\"4\",\"1528705433275863108\",\"1528786741978959110\",\"1529377915848289205\",\"1530080000602165699\",\"1530088199056837845\",\"1530088563017119925\"],\"roleDesc\":\"超级管理员\",\"roleId\":\"1528188405010798697\",\"roleName\":\"超级管理员\",\"updateTime\":\"1531203677171\",\"updateUserId\":\"1527580959722606112\"}', '127.0.0.1', '118', '0', null, '1531203677302', '1527580959722606112', null, null, '1');
INSERT INTO `t_operate_log` VALUES ('1531203700660497885', '更新角色', 'com.cctc.fast.portal.system.controller.SysRoleController', 'editSysRole', '{\"menus\":[\"123\",\"1\",\"1528104973509143369\",\"1531202288457417248\",\"1531202323723549279\",\"1531202347682352347\",\"1531202415345764695\",\"1528104999002585644\",\"1531201657813923387\",\"1531201717822487033\",\"1531201770612519935\",\"2\",\"1531195302090217769\",\"1531202079021306414\",\"1531202135171547628\",\"1531202201788356156\",\"3\",\"1529027586706587995\",\"1529027692074617899\",\"1529038764124586957\",\"1531202640324471708\",\"1531202669794980069\",\"1530517115342822760\",\"1529482917795826300\",\"1529483109634629452\",\"1531202491142842485\",\"1531202508889626221\",\"1531202555978588688\",\"4\",\"1528705433275863108\",\"1528786741978959110\",\"1529377915848289205\",\"1530080000602165699\",\"1530088199056837845\",\"1530088563017119925\"],\"roleDesc\":\"超级管理员\",\"roleId\":\"1528188405010798697\",\"roleName\":\"超级管理员\",\"updateTime\":\"1531203700556\",\"updateUserId\":\"1527580959722606112\"}', '127.0.0.1', '104', '0', null, '1531203700661', '1527580959722606112', null, null, '1');
INSERT INTO `t_operate_log` VALUES ('1531203731178692124', '更新角色', 'com.cctc.fast.portal.system.controller.SysRoleController', 'editSysRole', '{\"menus\":[\"123\",\"1\",\"1528104973509143369\",\"1531202323723549279\",\"1531202347682352347\",\"1531202415345764695\",\"1528104999002585644\",\"1531201657813923387\",\"1531201717822487033\",\"1531201770612519935\",\"2\",\"1531195302090217769\",\"1531202079021306414\",\"1531202135171547628\",\"1531202201788356156\",\"3\",\"1529027586706587995\",\"1529027692074617899\",\"1529038764124586957\",\"1531202640324471708\",\"1531202669794980069\",\"1530517115342822760\",\"1529482917795826300\",\"1529483109634629452\",\"1531202491142842485\",\"1531202508889626221\",\"1531202555978588688\",\"4\",\"1528705433275863108\",\"1528786741978959110\",\"1529377915848289205\",\"1530080000602165699\",\"1530088199056837845\",\"1530088563017119925\"],\"roleDesc\":\"超级管理员\",\"roleId\":\"1528188405010798697\",\"roleName\":\"超级管理员\",\"updateTime\":\"1531203731086\",\"updateUserId\":\"1527580959722606112\"}', '127.0.0.1', '89', '0', null, '1531203731179', '1527580959722606112', null, null, '1');
INSERT INTO `t_operate_log` VALUES ('1531205849536711374', '更新角色', 'com.cctc.fast.portal.system.controller.SysRoleController', 'editSysRole', '{\"menus\":[\"123\",\"1\",\"1528104973509143369\",\"1531202288457417248\",\"1531202323723549279\",\"1531202347682352347\",\"1531202415345764695\",\"1528104999002585644\",\"1531201657813923387\",\"1531201717822487033\",\"1531201770612519935\",\"2\",\"1531195302090217769\",\"1531202079021306414\",\"1531202135171547628\",\"1531202201788356156\",\"3\",\"1529027586706587995\",\"1529027692074617899\",\"1529038764124586957\",\"1531202640324471708\",\"1531202669794980069\",\"1530517115342822760\",\"1529482917795826300\",\"1529483109634629452\",\"1531202491142842485\",\"1531202508889626221\",\"1531202555978588688\",\"4\",\"1528705433275863108\",\"1528786741978959110\",\"1529377915848289205\",\"1530080000602165699\",\"1530088199056837845\",\"1530088563017119925\"],\"roleDesc\":\"超级管理员\",\"roleId\":\"1528188405010798697\",\"roleName\":\"超级管理员\",\"updateTime\":\"1531205849402\",\"updateUserId\":\"1527580959722606112\"}', '127.0.0.1', '134', '0', null, '1531205849551', '1527580959722606112', null, null, '1');
INSERT INTO `t_operate_log` VALUES ('1531211278258709662', '重置密码', 'com.cctc.fast.portal.system.controller.SysUserController', 'resetPassword', '\"1530693140280849841\"', '127.0.0.1', '21', '0', null, '1531211278265', '1527582255439676960', null, null, '1');
INSERT INTO `t_operate_log` VALUES ('1531280897551858779', '更新菜单', 'com.cctc.fast.portal.system.controller.SysMenuController', 'editSysMenu', '{\"children\":[],\"id\":\"123\",\"menuCode\":\"baseSystem\",\"menuIcon\":\"icon-icon-401\",\"menuSort\":1,\"menuType\":\"0\",\"name\":\"基础系统\",\"updateTime\":\"1531280897484\",\"updateUserId\":\"1527580959722606112\",\"url\":\"\"}', '127.0.0.1', '74', '0', null, '1531280897562', '1527580959722606112', null, null, '1');
INSERT INTO `t_operate_log` VALUES ('1531280911962905584', '更新菜单', 'com.cctc.fast.portal.system.controller.SysMenuController', 'editSysMenu', '{\"children\":[],\"id\":\"123\",\"menuCode\":\"baseSystem\",\"menuIcon\":\"layui-icon-face-smile\",\"menuSort\":1,\"menuType\":\"0\",\"name\":\"基础系统\",\"updateTime\":\"1531280911957\",\"updateUserId\":\"1527580959722606112\",\"url\":\"\"}', '127.0.0.1', '6', '0', null, '1531280911964', '1527580959722606112', null, null, '1');
INSERT INTO `t_operate_log` VALUES ('1531280972881217950', '更新菜单', 'com.cctc.fast.portal.system.controller.SysMenuController', 'editSysMenu', '{\"children\":[],\"id\":\"123\",\"menuCode\":\"baseSystem\",\"menuIcon\":\"icon-icon-401\",\"menuSort\":1,\"menuType\":\"0\",\"name\":\"基础系统\",\"updateTime\":\"1531280972877\",\"updateUserId\":\"1527580959722606112\",\"url\":\"\"}', '127.0.0.1', '5', '0', null, '1531280972883', '1527580959722606112', null, null, '1');
INSERT INTO `t_operate_log` VALUES ('1531283383804975990', '更新菜单', 'com.cctc.fast.portal.system.controller.SysMenuController', 'editSysMenu', '{\"children\":[],\"id\":\"1528104999002585644\",\"menuCode\":\"sysmenu:index\",\"menuIcon\":\"icon-icon-401\",\"menuSort\":1,\"menuType\":\"2\",\"name\":\"菜单管理\",\"updateTime\":\"1531283383771\",\"updateUserId\":\"1527580959722606112\",\"url\":\"sysmenu/index\"}', '127.0.0.1', '38', '0', null, '1531283383813', '1527580959722606112', null, null, '1');
INSERT INTO `t_operate_log` VALUES ('1531380076074739713', '更新菜单', 'com.cctc.fast.portal.system.controller.SysMenuController', 'editSysMenu', '{\"children\":[],\"id\":\"1530088563017119925\",\"menuCode\":\"123\",\"menuIcon\":\"icon-guanbiqita\",\"menuSort\":1,\"menuType\":\"2\",\"name\":\"测试\",\"updateTime\":\"1531380076010\",\"updateUserId\":\"1527580959722606112\",\"url\":\"websocket\"}', '127.0.0.1', '69', '0', null, '1531380076094', '1527580959722606112', null, null, '1');
INSERT INTO `t_operate_log` VALUES ('1531381823647821675', '添加菜单', 'com.cctc.fast.portal.system.controller.SysMenuController', 'addSysMenu', '{\"children\":[],\"createTime\":\"1531381823618\",\"createUserId\":\"1527580959722606112\",\"deleteFlag\":1,\"id\":\"1531381823614966003\",\"menuCode\":\"测试1\",\"menuIcon\":\"\",\"menuSort\":2,\"menuType\":\"2\",\"name\":\"测试1\",\"pMenuId\":\"1530088199056837845\",\"url\":\"websocket1\"}', '127.0.0.1', '24', '0', null, '1531381823659', '1527580959722606112', null, null, '1');
INSERT INTO `t_operate_log` VALUES ('1531381845091816368', '更新角色', 'com.cctc.fast.portal.system.controller.SysRoleController', 'editSysRole', '{\"menus\":[\"123\",\"1\",\"1528104973509143369\",\"1531202288457417248\",\"1531202323723549279\",\"1531202347682352347\",\"1531202415345764695\",\"1528104999002585644\",\"1531201657813923387\",\"1531201717822487033\",\"1531201770612519935\",\"2\",\"1531195302090217769\",\"1531202079021306414\",\"1531202135171547628\",\"1531202201788356156\",\"3\",\"1529027586706587995\",\"1529027692074617899\",\"1529038764124586957\",\"1531202640324471708\",\"1531202669794980069\",\"1530517115342822760\",\"1529482917795826300\",\"1529483109634629452\",\"1531202491142842485\",\"1531202508889626221\",\"1531202555978588688\",\"4\",\"1528705433275863108\",\"1528786741978959110\",\"1529377915848289205\",\"1530080000602165699\",\"1530088199056837845\",\"1530088563017119925\",\"1531381823614966003\"],\"roleDesc\":\"超级管理员\",\"roleId\":\"1528188405010798697\",\"roleName\":\"超级管理员\",\"updateTime\":\"1531381844947\",\"updateUserId\":\"1527580959722606112\"}', '127.0.0.1', '146', '0', null, '1531381845093', '1527580959722606112', null, null, '1');
INSERT INTO `t_operate_log` VALUES ('1531471109488421066', '删除菜单', 'com.cctc.fast.portal.system.controller.SysMenuController', 'delSysMenu', '\"1531381823614966003\"', '127.0.0.1', '8', '0', null, '1531471109500', '1527580959722606112', null, null, '1');
INSERT INTO `t_operate_log` VALUES ('1531471126249423347', '更新菜单', 'com.cctc.fast.portal.system.controller.SysMenuController', 'editSysMenu', '{\"children\":[],\"id\":\"1530088563017119925\",\"menuCode\":\"123\",\"menuIcon\":\"icon-guanbiqita\",\"menuSort\":1,\"menuType\":\"2\",\"name\":\"测试\",\"updateTime\":\"1531471126243\",\"updateUserId\":\"1527580959722606112\",\"url\":\"/uncode/schedule\"}', '127.0.0.1', '18', '0', null, '1531471126250', '1527580959722606112', null, null, '1');
INSERT INTO `t_operate_log` VALUES ('1531792462722932450', '添加菜单', 'com.cctc.fast.portal.system.controller.SysMenuController', 'addSysMenu', '{\"children\":[],\"createTime\":\"1531792462701\",\"createUserId\":\"1527580959722606112\",\"deleteFlag\":1,\"id\":\"1531792462694547971\",\"menuCode\":\"doc:addTabRow\",\"menuIcon\":\"layui-icon-share\",\"menuSort\":4,\"menuType\":\"2\",\"name\":\"动态添加行\",\"pMenuId\":\"4\",\"url\":\"doc/addTabRow\"}', '127.0.0.1', '26', '0', null, '1531792462741', '1527580959722606112', null, null, '1');
INSERT INTO `t_operate_log` VALUES ('1531792478572960327', '更新角色', 'com.cctc.fast.portal.system.controller.SysRoleController', 'editSysRole', '{\"menus\":[\"123\",\"1\",\"1528104999002585644\",\"1531201657813923387\",\"1531201717822487033\",\"1531201770612519935\",\"2\",\"3\",\"1531202079021306414\",\"1531202135171547628\",\"1531202201788356156\",\"1531195302090217769\",\"1528104973509143369\",\"1531202288457417248\",\"1531202323723549279\",\"1531202347682352347\",\"1531202415345764695\",\"1529482917795826300\",\"1529483109634629452\",\"1531202491142842485\",\"1531202508889626221\",\"1531202555978588688\",\"4\",\"1528705433275863108\",\"1528786741978959110\",\"1529377915848289205\",\"1531792462694547971\",\"1529027586706587995\",\"1529027692074617899\",\"1529038764124586957\",\"1531202640324471708\",\"1531202669794980069\",\"1530517115342822760\",\"1530080000602165699\",\"1530088199056837845\",\"1530088563017119925\"],\"roleDesc\":\"超级管理员\",\"roleId\":\"1528188405010798697\",\"roleName\":\"超级管理员\",\"updateTime\":\"1531792478384\",\"updateUserId\":\"1527580959722606112\"}', '127.0.0.1', '180', '0', null, '1531792478573', '1527580959722606112', null, null, '1');
INSERT INTO `t_operate_log` VALUES ('1531808365053465771', '更新菜单', 'com.cctc.fast.portal.system.controller.SysMenuController', 'editSysMenu', '{\"children\":[],\"id\":\"1530517115342822760\",\"menuCode\":\"notice:index\",\"menuIcon\":\"layui-icon-user\",\"menuSort\":3,\"menuType\":\"2\",\"name\":\"系统消息\",\"updateTime\":\"1531808365038\",\"updateUserId\":\"1527580959722606112\",\"url\":\"notice/index\"}', '127.0.0.1', '17', '0', null, '1531808365066', '1527580959722606112', null, null, '1');
INSERT INTO `t_operate_log` VALUES ('1531881417510188559', '添加数据字典', 'com.cctc.fast.portal.basic.controller.DictController', 'addDict', '{\"children\":[],\"createTime\":\"1531881417503\",\"createUserId\":\"1527580959722606112\",\"deleteFlag\":1,\"dictCode\":\"通知消息类型\",\"dictSort\":4,\"dictState\":\"on\",\"dictType\":\"0\",\"id\":\"1531881417500387688\",\"name\":\"noticeType\",\"pDictId\":\"0\"}', '127.0.0.1', '8', '0', null, '1531881417521', '1527580959722606112', null, null, '1');
INSERT INTO `t_operate_log` VALUES ('1531881430764328812', '更新数据字典', 'com.cctc.fast.portal.basic.controller.DictController', 'editDictInfo', '{\"children\":[],\"dictCode\":\"noticeType\",\"dictSort\":4,\"dictState\":\"on\",\"dictType\":\"0\",\"id\":\"1531881417500387688\",\"name\":\"通知消息类型\",\"updateTime\":\"1531881430755\",\"updateUserId\":\"1527580959722606112\"}', '127.0.0.1', '15', '0', null, '1531881430768', '1527580959722606112', null, null, '1');
INSERT INTO `t_operate_log` VALUES ('1531881496010970622', '添加数据字典', 'com.cctc.fast.portal.basic.controller.DictController', 'addDict', '{\"children\":[],\"createTime\":\"1531881496006\",\"createUserId\":\"1527580959722606112\",\"deleteFlag\":1,\"dictKey\":\"0\",\"dictSort\":1,\"dictState\":\"on\",\"dictType\":\"1\",\"dictVal\":\"通知\",\"id\":\"1531881496006993394\",\"name\":\"通知\",\"pDictId\":\"1531881417500387688\"}', '127.0.0.1', '5', '0', null, '1531881496011', '1527580959722606112', null, null, '1');
INSERT INTO `t_operate_log` VALUES ('1531881523116506202', '添加数据字典', 'com.cctc.fast.portal.basic.controller.DictController', 'addDict', '{\"children\":[],\"createTime\":\"1531881523110\",\"createUserId\":\"1527580959722606112\",\"deleteFlag\":1,\"dictKey\":\"1\",\"dictSort\":2,\"dictState\":\"on\",\"dictType\":\"1\",\"dictVal\":\"私信\",\"id\":\"1531881523109825859\",\"name\":\"私信\",\"pDictId\":\"1531881417500387688\"}', '127.0.0.1', '7', '0', null, '1531881523117', '1527580959722606112', null, null, '1');
INSERT INTO `t_operate_log` VALUES ('1531881536983881232', '添加数据字典', 'com.cctc.fast.portal.basic.controller.DictController', 'addDict', '{\"children\":[],\"createTime\":\"1531881536974\",\"createUserId\":\"1527580959722606112\",\"deleteFlag\":1,\"dictKey\":\"2\",\"dictSort\":3,\"dictState\":\"on\",\"dictType\":\"1\",\"dictVal\":\"告警\",\"id\":\"1531881536973799453\",\"name\":\"告警\",\"pDictId\":\"1531881417500387688\"}', '127.0.0.1', '7', '0', null, '1531881536985', '1527580959722606112', null, null, '1');
INSERT INTO `t_operate_log` VALUES ('1531881586459879512', '添加数据字典', 'com.cctc.fast.portal.basic.controller.DictController', 'addDict', '{\"children\":[],\"createTime\":\"1531881586454\",\"createUserId\":\"1527580959722606112\",\"deleteFlag\":1,\"dictCode\":\"noticeStatus\",\"dictSort\":5,\"dictState\":\"on\",\"dictType\":\"0\",\"id\":\"1531881586453977786\",\"name\":\"通知消息状态\",\"pDictId\":\"0\"}', '127.0.0.1', '4', '0', null, '1531881586462', '1527580959722606112', null, null, '1');
INSERT INTO `t_operate_log` VALUES ('1531881601200420194', '添加数据字典', 'com.cctc.fast.portal.basic.controller.DictController', 'addDict', '{\"children\":[],\"createTime\":\"1531881601194\",\"createUserId\":\"1527580959722606112\",\"deleteFlag\":1,\"dictKey\":\"0\",\"dictSort\":1,\"dictState\":\"on\",\"dictType\":\"1\",\"dictVal\":\"未读\",\"id\":\"1531881601193947482\",\"name\":\"未读\",\"pDictId\":\"1531881586453977786\"}', '127.0.0.1', '5', '0', null, '1531881601202', '1527580959722606112', null, null, '1');
INSERT INTO `t_operate_log` VALUES ('1531881611410348314', '添加数据字典', 'com.cctc.fast.portal.basic.controller.DictController', 'addDict', '{\"children\":[],\"createTime\":\"1531881611406\",\"createUserId\":\"1527580959722606112\",\"deleteFlag\":1,\"dictKey\":\"1\",\"dictSort\":2,\"dictState\":\"on\",\"dictType\":\"1\",\"dictVal\":\"已读\",\"id\":\"1531881611406724129\",\"name\":\"已读\",\"pDictId\":\"1531881586453977786\"}', '127.0.0.1', '4', '0', null, '1531881611411', '1527580959722606112', null, null, '1');
INSERT INTO `t_operate_log` VALUES ('1531888267825595478', '更新数据字典', 'com.cctc.fast.portal.basic.controller.DictController', 'editDictInfo', '{\"children\":[],\"dictKey\":\"0\",\"dictSort\":1,\"dictState\":\"on\",\"dictType\":\"1\",\"dictVal\":\"告警\",\"id\":\"1531881496006993394\",\"name\":\"告警\",\"updateTime\":\"1531888267820\",\"updateUserId\":\"1527580959722606112\"}', '127.0.0.1', '8', '0', null, '1531888267838', '1527580959722606112', null, null, '1');
INSERT INTO `t_operate_log` VALUES ('1531888279837107423', '更新数据字典', 'com.cctc.fast.portal.basic.controller.DictController', 'editDictInfo', '{\"children\":[],\"dictKey\":\"2\",\"dictSort\":3,\"dictState\":\"on\",\"dictType\":\"1\",\"dictVal\":\"通知\",\"id\":\"1531881536973799453\",\"name\":\"通知\",\"updateTime\":\"1531888279831\",\"updateUserId\":\"1527580959722606112\"}', '127.0.0.1', '6', '0', null, '1531888279838', '1527580959722606112', null, null, '1');
INSERT INTO `t_operate_log` VALUES ('1531898118117574572', '删除选中消息', 'com.cctc.fast.portal.basic.controller.NoticeController', 'delSelectSysUser', '\"[\\\"1531895010885576577\\\",\\\"1531894977367450284\\\",\\\"1531887212316489859\\\",\\\"1531882868069580949\\\",\\\"1531882860842411434\\\",\\\"1531882719705290334\\\"]\"', '127.0.0.1', '33782', '0', null, '1531898118172', '1527580959722606112', null, null, '1');
INSERT INTO `t_operate_log` VALUES ('1531898269672944214', '删除选中消息', 'com.cctc.fast.portal.basic.controller.NoticeController', 'delSelectSysUser', '\"[\\\"1531895010885576577\\\",\\\"1531894977367450284\\\",\\\"1531887212316489859\\\"]\"', '127.0.0.1', '4', '0', null, '1531898269673', '1527580959722606112', null, null, '1');
INSERT INTO `t_operate_log` VALUES ('1531898283226863070', '删除选中消息', 'com.cctc.fast.portal.basic.controller.NoticeController', 'delSelectSysUser', '\"[\\\"1531882868069580949\\\",\\\"1531882860842411434\\\",\\\"1531882719705290334\\\"]\"', '127.0.0.1', '4', '0', null, '1531898283227', '1527580959722606112', null, null, '1');
INSERT INTO `t_operate_log` VALUES ('1531985188779819135', '添加菜单', 'com.cctc.fast.portal.system.controller.SysMenuController', 'addSysMenu', '{\"children\":[],\"createTime\":\"1531985188722\",\"createUserId\":\"1527580959722606112\",\"deleteFlag\":1,\"id\":\"1531985188713442428\",\"menuCode\":\"doc:formSelects\",\"menuIcon\":\"\",\"menuSort\":5,\"menuType\":\"2\",\"name\":\"下拉菜单\",\"pMenuId\":\"4\",\"url\":\"doc/formSelects\"}', '127.0.0.1', '66', '0', null, '1531985188807', '1527580959722606112', null, null, '1');
INSERT INTO `t_operate_log` VALUES ('1531985199053699925', '更新角色', 'com.cctc.fast.portal.system.controller.SysRoleController', 'editSysRole', '{\"menus\":[\"123\",\"1\",\"1528104999002585644\",\"1531201657813923387\",\"1531201717822487033\",\"1531201770612519935\",\"2\",\"3\",\"1531202079021306414\",\"1531202135171547628\",\"1531202201788356156\",\"1531195302090217769\",\"1528104973509143369\",\"1531202288457417248\",\"1531202323723549279\",\"1531202347682352347\",\"1531202415345764695\",\"1529482917795826300\",\"1529483109634629452\",\"1531202491142842485\",\"1531202508889626221\",\"1531202555978588688\",\"4\",\"1528705433275863108\",\"1528786741978959110\",\"1529377915848289205\",\"1531792462694547971\",\"1531985188713442428\",\"1529027586706587995\",\"1529027692074617899\",\"1529038764124586957\",\"1531202640324471708\",\"1531202669794980069\",\"1530517115342822760\",\"1530080000602165699\",\"1530088199056837845\",\"1530088563017119925\"],\"roleDesc\":\"超级管理员\",\"roleId\":\"1528188405010798697\",\"roleName\":\"超级管理员\",\"updateTime\":\"1531985198866\",\"updateUserId\":\"1527580959722606112\"}', '127.0.0.1', '188', '0', null, '1531985199054', '1527580959722606112', null, null, '1');
INSERT INTO `t_operate_log` VALUES ('1531987105524318356', '更新菜单', 'com.cctc.fast.portal.system.controller.SysMenuController', 'editSysMenu', '{\"children\":[],\"id\":\"1531985188713442428\",\"menuCode\":\"doc:formSelects\",\"menuIcon\":\"\",\"menuSort\":5,\"menuType\":\"2\",\"name\":\"多选下拉菜单\",\"updateTime\":\"1531987105514\",\"updateUserId\":\"1527580959722606112\",\"url\":\"doc/formSelects\"}', '127.0.0.1', '10', '0', null, '1531987105527', '1527580959722606112', null, null, '1');
INSERT INTO `t_operate_log` VALUES ('1532052283077984325', '添加菜单', 'com.cctc.fast.portal.system.controller.SysMenuController', 'addSysMenu', '{\"children\":[],\"createTime\":\"1532052283056\",\"createUserId\":\"1527580959722606112\",\"deleteFlag\":1,\"id\":\"1532052283052466832\",\"menuCode\":\"1\",\"menuIcon\":\"layui-icon-chart\",\"menuSort\":4,\"menuType\":\"2\",\"name\":\"任务调度\",\"pMenuId\":\"1529027586706587995\",\"url\":\"/uncode/schedule\"}', '127.0.0.1', '24', '0', null, '1532052283088', '1527580959722606112', null, null, '1');
INSERT INTO `t_operate_log` VALUES ('1532052306698329891', '更新菜单', 'com.cctc.fast.portal.system.controller.SysMenuController', 'editSysMenu', '{\"children\":[],\"id\":\"1532052283052466832\",\"menuCode\":\"schedule\",\"menuIcon\":\"layui-icon-chart\",\"menuSort\":4,\"menuType\":\"2\",\"name\":\"任务调度\",\"updateTime\":\"1532052306692\",\"updateUserId\":\"1527580959722606112\",\"url\":\"/uncode/schedule\"}', '127.0.0.1', '13', '0', null, '1532052306699', '1527580959722606112', null, null, '1');
INSERT INTO `t_operate_log` VALUES ('1532052316138665246', '更新菜单', 'com.cctc.fast.portal.system.controller.SysMenuController', 'editSysMenu', '{\"children\":[],\"id\":\"1530088563017119925\",\"menuCode\":\"123\",\"menuIcon\":\"icon-guanbiqita\",\"menuSort\":1,\"menuType\":\"2\",\"name\":\"测试\",\"updateTime\":\"1532052316132\",\"updateUserId\":\"1527580959722606112\",\"url\":\"/123\"}', '127.0.0.1', '6', '0', null, '1532052316146', '1527580959722606112', null, null, '1');
INSERT INTO `t_operate_log` VALUES ('1532052330216354211', '更新角色', 'com.cctc.fast.portal.system.controller.SysRoleController', 'editSysRole', '{\"menus\":[\"123\",\"1\",\"1528104999002585644\",\"1531201657813923387\",\"1531201717822487033\",\"1531201770612519935\",\"2\",\"3\",\"1531202079021306414\",\"1531202135171547628\",\"1531202201788356156\",\"1531195302090217769\",\"1528104973509143369\",\"1531202288457417248\",\"1531202323723549279\",\"1531202347682352347\",\"1531202415345764695\",\"1529482917795826300\",\"1529483109634629452\",\"1531202491142842485\",\"1531202508889626221\",\"1531202555978588688\",\"4\",\"1528705433275863108\",\"1528786741978959110\",\"1529377915848289205\",\"1531792462694547971\",\"1531985188713442428\",\"1529027586706587995\",\"1529027692074617899\",\"1529038764124586957\",\"1531202640324471708\",\"1531202669794980069\",\"1530517115342822760\",\"1532052283052466832\",\"1530080000602165699\",\"1530088199056837845\",\"1530088563017119925\"],\"roleDesc\":\"超级管理员\",\"roleId\":\"1528188405010798697\",\"roleName\":\"超级管理员\",\"updateTime\":\"1532052330072\",\"updateUserId\":\"1527580959722606112\"}', '127.0.0.1', '137', '0', null, '1532052330217', '1527580959722606112', null, null, '1');
INSERT INTO `t_operate_log` VALUES ('1532421061785541214', '更新菜单', 'com.cctc.fast.portal.system.controller.SysMenuController', 'editSysMenu', '{\"children\":[],\"id\":\"1530088199056837845\",\"menuCode\":\"memberInfo\",\"menuIcon\":\"layui-icon-note\",\"menuSort\":1,\"menuType\":\"1\",\"name\":\"会员管理\",\"updateTime\":\"1532421061767\",\"updateUserId\":\"1527580959722606112\",\"url\":\"\"}', '127.0.0.1', '23', '0', null, '1532421061800', '1527580959722606112', null, null, '1');
INSERT INTO `t_operate_log` VALUES ('1532421209257879233', '更新菜单', 'com.cctc.fast.portal.system.controller.SysMenuController', 'editSysMenu', '{\"children\":[],\"id\":\"1530088563017119925\",\"menuCode\":\"memberInfo:index\",\"menuIcon\":\"icon-guanbiqita\",\"menuSort\":1,\"menuType\":\"2\",\"name\":\"会员列表\",\"updateTime\":\"1532421209234\",\"updateUserId\":\"1527580959722606112\",\"url\":\"/memberInfo/index\"}', '127.0.0.1', '22', '0', null, '1532421209260', '1527580959722606112', null, null, '1');
INSERT INTO `t_operate_log` VALUES ('1532421233564810760', '更新菜单', 'com.cctc.fast.portal.system.controller.SysMenuController', 'editSysMenu', '{\"children\":[],\"id\":\"1530080000602165699\",\"menuCode\":\"sellSystem\",\"menuIcon\":\"layui-icon-theme\",\"menuSort\":2,\"menuType\":\"0\",\"name\":\"业务系统\",\"updateTime\":\"1532421233558\",\"updateUserId\":\"1527580959722606112\",\"url\":\"\"}', '127.0.0.1', '6', '0', null, '1532421233566', '1527580959722606112', null, null, '1');
INSERT INTO `t_operate_log` VALUES ('1532433355750341273', '更新菜单', 'com.cctc.fast.portal.system.controller.SysMenuController', 'editSysMenu', '{\"children\":[],\"id\":\"1530088563017119925\",\"menuCode\":\"memberInfo:index\",\"menuIcon\":\"icon-guanbiqita\",\"menuSort\":1,\"menuType\":\"2\",\"name\":\"会员列表\",\"updateTime\":\"1532433355693\",\"updateUserId\":\"1527580959722606112\",\"url\":\"memberInfo/index\"}', '127.0.0.1', '82', '0', null, '1532433355765', '1527580959722606112', null, null, '1');
INSERT INTO `t_operate_log` VALUES ('1532433412378967325', '添加菜单', 'com.cctc.fast.portal.system.controller.SysMenuController', 'addSysMenu', '{\"children\":[],\"createTime\":\"1532433412365\",\"createUserId\":\"1527580959722606112\",\"deleteFlag\":1,\"id\":\"1532433412350763513\",\"menuCode\":\"memberInfo:add\",\"menuIcon\":\"\",\"menuSort\":2,\"menuType\":\"2\",\"name\":\"会员登记\",\"pMenuId\":\"1530088199056837845\",\"url\":\"memberInfo/toadd\"}', '127.0.0.1', '27', '0', null, '1532433412383', '1527580959722606112', null, null, '1');
INSERT INTO `t_operate_log` VALUES ('1532433424810688438', '更新角色', 'com.cctc.fast.portal.system.controller.SysRoleController', 'editSysRole', '{\"menus\":[\"123\",\"1\",\"1528104999002585644\",\"1531201657813923387\",\"1531201717822487033\",\"1531201770612519935\",\"2\",\"3\",\"1531202079021306414\",\"1531202135171547628\",\"1531202201788356156\",\"1531195302090217769\",\"1528104973509143369\",\"1531202288457417248\",\"1531202323723549279\",\"1531202347682352347\",\"1531202415345764695\",\"1529482917795826300\",\"1529483109634629452\",\"1531202491142842485\",\"1531202508889626221\",\"1531202555978588688\",\"4\",\"1528705433275863108\",\"1528786741978959110\",\"1529377915848289205\",\"1531792462694547971\",\"1531985188713442428\",\"1529027586706587995\",\"1529027692074617899\",\"1529038764124586957\",\"1531202640324471708\",\"1531202669794980069\",\"1530517115342822760\",\"1532052283052466832\",\"1530080000602165699\",\"1530088199056837845\",\"1530088563017119925\",\"1532433412350763513\"],\"roleDesc\":\"超级管理员\",\"roleId\":\"1528188405010798697\",\"roleName\":\"超级管理员\",\"updateTime\":\"1532433424571\",\"updateUserId\":\"1527580959722606112\"}', '127.0.0.1', '232', '0', null, '1532433424818', '1527580959722606112', null, null, '1');
INSERT INTO `t_operate_log` VALUES ('1532502082633789946', '添加用户', 'com.cctc.fast.portal.system.controller.SysUserController', 'addSysUser', '{\"roleList\":[],\"userId\":\"1532502082623697567\",\"userSex\":\"1\"}', '127.0.0.1', '0', '1', null, '1532502082651', '1527580959722606112', null, null, '1');
INSERT INTO `t_operate_log` VALUES ('1532503410556611509', '添加用户', 'com.cctc.fast.portal.system.controller.SysUserController', 'addSysUser', '{\"roleList\":[],\"userId\":\"1532503410555863374\",\"userSex\":\"1\"}', '127.0.0.1', '0', '1', null, '1532503410558', '1527580959722606112', null, null, '1');
INSERT INTO `t_operate_log` VALUES ('1532588034470159626', '添加用户', 'com.cctc.fast.portal.system.controller.SysUserController', 'addSysUser', '{\"userId\":\"1532588034445165709\"}', '127.0.0.1', '0', '1', null, '1532588034494', '1527580959722606112', null, null, '1');
INSERT INTO `t_operate_log` VALUES ('1532588085873385263', '添加用户', 'com.cctc.fast.portal.system.controller.SysUserController', 'addSysUser', '{\"userId\":\"1532588085872513498\"}', '127.0.0.1', '0', '1', null, '1532588085874', '1527580959722606112', null, null, '1');
INSERT INTO `t_operate_log` VALUES ('1532589153336911352', '添加会员', 'com.cctc.fast.portal.business.member.controller.MemberInfoController', 'addMemberInfo', '{\"address\":\"东三环十里锦绣\",\"area\":\"610000/610100/610111\",\"birthDate\":\"650732400000\",\"cardDate\":\"1532534400000\",\"companyName\":\"北京国基\",\"emailAddress\":\"83665832@qq.com\",\"identityCard\":\"610111199008164533\",\"memberAge\":27,\"memberCardCode\":\"3472192800\",\"memberLevelId\":\"0\",\"memberName\":\"庞海超\",\"memberPhone\":\"18691834124\",\"memberSex\":\"0\",\"memberTel\":\"83665832\",\"referenceId\":\"123\",\"remark\":\"备注\"}', '127.0.0.1', '89723', '0', null, '1532589153349', '1527580959722606112', null, null, '1');
INSERT INTO `t_operate_log` VALUES ('1532589972839206650', '添加会员', 'com.cctc.fast.portal.business.member.controller.MemberInfoController', 'addMemberInfo', '{\"address\":\"东三环十里锦绣\",\"area\":\"610000/610100/610111\",\"birthDate\":\"650732400000\",\"cardDate\":\"1532534400000\",\"companyName\":\"北京国基\",\"emailAddress\":\"83665832@qq.com\",\"identityCard\":\"610111199008164533\",\"memberAge\":27,\"memberCardCode\":\"3983001189\",\"memberLevelId\":\"0\",\"memberName\":\"庞海超\",\"memberPhone\":\"18691834124\",\"memberSex\":\"0\",\"memberTel\":\"83665832\",\"referenceId\":\"123\",\"remark\":\"备注\"}', '127.0.0.1', '0', '1', '\r\n### Error updating database.  Cause: com.mysql.jdbc.exceptions.jdbc4.MySQLIntegrityConstraintViolationException: Column \'member_id\' cannot be null\r\n### The error may involve com.cctc.fast.portal.business.member.mapper.MemberInfoMapper.insert-Inline\r\n### The error occurred while setting parameters\r\n### SQL: INSERT INTO t_member_info   ( member_id,  member_card_code,  member_name,  member_sex,  member_phone,  member_tel,  identity_card,  birth_date,  member_age,  email_address,  company_name,  area,  address,  remark,create_time,create_user_id,    delete_flag )  VALUES   ( ?,  ?,  ?,  ?,  ?,  ?,  ?,  ?,  ?,  ?,  ?,  ?,  ?,  ?,?,?,    ? )\r\n### Cause: com.mysql.jdbc.exceptions.jdbc4.MySQLIntegrityConstraintViolationException: Column \'member_id\' cannot be null\n; SQL []; Column \'member_id\' cannot be null; nested exception is com.mysql.jdbc.exceptions.jdbc4.MySQLIntegrityConstraintViolationException: Column \'member_id\' cannot be null', '1532589972849', '1527580959722606112', null, null, '1');
INSERT INTO `t_operate_log` VALUES ('1532590233187219629', '添加会员', 'com.cctc.fast.portal.business.member.controller.MemberInfoController', 'addMemberInfo', '{\"address\":\"东三环十里锦绣\",\"area\":\"610000/610100/610111\",\"birthDate\":\"650732400000\",\"cardDate\":\"1532534400000\",\"companyName\":\"北京国基\",\"emailAddress\":\"83665832@qq.com\",\"identityCard\":\"610111199008164533\",\"memberAge\":27,\"memberCardCode\":\"6777604209\",\"memberLevelId\":\"0\",\"memberName\":\"庞海超\",\"memberPhone\":\"18691834124\",\"memberSex\":\"0\",\"memberTel\":\"83665832\",\"referenceId\":\"123\",\"remark\":\"备注\"}', '127.0.0.1', '50883', '0', null, '1532590233208', '1527580959722606112', null, null, '1');
INSERT INTO `t_operate_log` VALUES ('1532590495621649193', '添加会员', 'com.cctc.fast.portal.business.member.controller.MemberInfoController', 'addMemberInfo', '{\"address\":\"东三环十里锦绣\",\"area\":\"610000/610100/610111\",\"birthDate\":\"650732400000\",\"cardDate\":\"1532534400000\",\"companyName\":\"北京国基\",\"emailAddress\":\"83665832@qq.com\",\"identityCard\":\"610111199008164533\",\"memberAge\":27,\"memberCardCode\":\"6777604209\",\"memberLevelId\":\"0\",\"memberName\":\"庞海超\",\"memberPhone\":\"18691834124\",\"memberSex\":\"0\",\"memberTel\":\"83665832\",\"referenceId\":\"123\",\"remark\":\"备注\"}', '127.0.0.1', '16', '0', null, '1532590495624', '1527580959722606112', null, null, '1');
INSERT INTO `t_operate_log` VALUES ('1532590795661737048', '添加会员', 'com.cctc.fast.portal.business.member.controller.MemberInfoController', 'addMemberInfo', '{\"address\":\"123\",\"area\":\"110000/110100/110105\",\"birthDate\":\"650732400000\",\"cardDate\":\"1532534400000\",\"companyName\":\"单位\",\"emailAddress\":\"83665@qq.com\",\"identityCard\":\"610111199008164533\",\"memberAge\":27,\"memberCardCode\":\"5717880261\",\"memberLevelId\":\"1\",\"memberName\":\"庞\",\"memberPhone\":\"18691834124\",\"memberSex\":\"0\",\"memberTel\":\"83665832\",\"referenceId\":\"123\",\"remark\":\"备注\"}', '127.0.0.1', '12', '0', null, '1532590795663', '1527580959722606112', null, null, '1');
INSERT INTO `t_operate_log` VALUES ('1532591066001534068', '添加会员', 'com.cctc.fast.portal.business.member.controller.MemberInfoController', 'addMemberInfo', '{\"address\":\"\",\"area\":\"130000/130300/130303\",\"birthDate\":\"650732400000\",\"cardDate\":\"1532534400000\",\"companyName\":\"\",\"emailAddress\":\"852@qq.com\",\"identityCard\":\"610111199008164533\",\"memberAge\":27,\"memberCardCode\":\"2789362431\",\"memberLevelId\":\"0\",\"memberName\":\"的\",\"memberPhone\":\"18691834124\",\"memberSex\":\"1\",\"memberTel\":\"\",\"referenceId\":\"1\",\"remark\":\"\"}', '127.0.0.1', '10', '0', null, '1532591066002', '1527580959722606112', null, null, '1');
INSERT INTO `t_operate_log` VALUES ('1532697674172765065', '添加菜单', 'com.cctc.fast.portal.system.controller.SysMenuController', 'addSysMenu', '{\"children\":[],\"createTime\":\"1532697674146\",\"createUserId\":\"1527580959722606112\",\"deleteFlag\":1,\"id\":\"1532697674141536717\",\"menuCode\":\"memberLevel:index\",\"menuIcon\":\"layui-icon-prev-circle\",\"menuSort\":3,\"menuType\":\"2\",\"name\":\"会员等级\",\"pMenuId\":\"1530088199056837845\",\"url\":\"sysuser/index\"}', '127.0.0.1', '30', '0', null, '1532697674186', '1527580959722606112', null, null, '1');
INSERT INTO `t_operate_log` VALUES ('1532697703858873666', '更新角色', 'com.cctc.fast.portal.system.controller.SysRoleController', 'editSysRole', '{\"menus\":[\"123\",\"1\",\"1528104999002585644\",\"1531201657813923387\",\"1531201717822487033\",\"1531201770612519935\",\"2\",\"3\",\"1531202079021306414\",\"1531202135171547628\",\"1531202201788356156\",\"1531195302090217769\",\"1528104973509143369\",\"1531202288457417248\",\"1531202323723549279\",\"1531202347682352347\",\"1531202415345764695\",\"1529482917795826300\",\"1529483109634629452\",\"1531202491142842485\",\"1531202508889626221\",\"1531202555978588688\",\"4\",\"1528705433275863108\",\"1528786741978959110\",\"1529377915848289205\",\"1531792462694547971\",\"1531985188713442428\",\"1529027586706587995\",\"1529027692074617899\",\"1529038764124586957\",\"1531202640324471708\",\"1531202669794980069\",\"1530517115342822760\",\"1532052283052466832\",\"1530080000602165699\",\"1530088199056837845\",\"1530088563017119925\",\"1532433412350763513\",\"1532697674141536717\"],\"roleDesc\":\"超级管理员\",\"roleId\":\"1528188405010798697\",\"roleName\":\"超级管理员\",\"updateTime\":\"1532697703621\",\"updateUserId\":\"1527580959722606112\"}', '127.0.0.1', '239', '0', null, '1532697703859', '1527580959722606112', null, null, '1');
INSERT INTO `t_operate_log` VALUES ('1532697796970410645', '更新菜单', 'com.cctc.fast.portal.system.controller.SysMenuController', 'editSysMenu', '{\"children\":[],\"id\":\"1532697674141536717\",\"menuCode\":\"memberLevel:index\",\"menuIcon\":\"layui-icon-prev-circle\",\"menuSort\":3,\"menuType\":\"2\",\"name\":\"会员等级\",\"updateTime\":\"1532697796965\",\"updateUserId\":\"1527580959722606112\",\"url\":\"memberLevel/index\"}', '127.0.0.1', '9', '0', null, '1532697796973', '1527580959722606112', null, null, '1');
INSERT INTO `t_operate_log` VALUES ('1532698559955512208', '添加菜单', 'com.cctc.fast.portal.system.controller.SysMenuController', 'addSysMenu', '{\"children\":[],\"createTime\":\"1532698559948\",\"createUserId\":\"1527580959722606112\",\"deleteFlag\":1,\"id\":\"1532698559948666063\",\"menuCode\":\"memberLevel:add\",\"menuIcon\":\"\",\"menuSort\":1,\"menuType\":\"3\",\"name\":\"添加会员等级\",\"pMenuId\":\"1532697674141536717\",\"url\":\"memberLevel/toadd\"}', '127.0.0.1', '8', '0', null, '1532698559957', '1527580959722606112', null, null, '1');
INSERT INTO `t_operate_log` VALUES ('1532698614182152358', '更新菜单', 'com.cctc.fast.portal.system.controller.SysMenuController', 'editSysMenu', '{\"children\":[],\"id\":\"1532698559948666063\",\"menuCode\":\"memberLevel:add\",\"menuIcon\":\"\",\"menuSort\":1,\"menuType\":\"3\",\"name\":\"添加会员等级\",\"updateTime\":\"1532698614176\",\"updateUserId\":\"1527580959722606112\",\"url\":\"\"}', '127.0.0.1', '6', '0', null, '1532698614183', '1527580959722606112', null, null, '1');
INSERT INTO `t_operate_log` VALUES ('1532698668192580084', '添加菜单', 'com.cctc.fast.portal.system.controller.SysMenuController', 'addSysMenu', '{\"children\":[],\"createTime\":\"1532698668187\",\"createUserId\":\"1527580959722606112\",\"deleteFlag\":1,\"id\":\"1532698668187442666\",\"menuCode\":\"memberLevel:edit\",\"menuIcon\":\"\",\"menuSort\":2,\"menuType\":\"3\",\"name\":\"编辑会员等级\",\"pMenuId\":\"1532697674141536717\",\"url\":\"\"}', '127.0.0.1', '6', '0', null, '1532698668195', '1527580959722606112', null, null, '1');
INSERT INTO `t_operate_log` VALUES ('1532698691920598802', '添加菜单', 'com.cctc.fast.portal.system.controller.SysMenuController', 'addSysMenu', '{\"children\":[],\"createTime\":\"1532698691915\",\"createUserId\":\"1527580959722606112\",\"deleteFlag\":1,\"id\":\"1532698691914523160\",\"menuCode\":\"memberLevel:delete\",\"menuIcon\":\"\",\"menuSort\":3,\"menuType\":\"3\",\"name\":\"删除会员等级\",\"pMenuId\":\"1532697674141536717\",\"url\":\"\"}', '127.0.0.1', '6', '0', null, '1532698691921', '1527580959722606112', null, null, '1');
INSERT INTO `t_operate_log` VALUES ('1532698727455934845', '添加菜单', 'com.cctc.fast.portal.system.controller.SysMenuController', 'addSysMenu', '{\"children\":[],\"createTime\":\"1532698727450\",\"createUserId\":\"1527580959722606112\",\"deleteFlag\":1,\"id\":\"1532698727449172429\",\"menuCode\":\"memberLevel:deleteAll\",\"menuIcon\":\"\",\"menuSort\":4,\"menuType\":\"3\",\"name\":\"批量删除会员等级\",\"pMenuId\":\"1532697674141536717\",\"url\":\"\"}', '127.0.0.1', '6', '0', null, '1532698727456', '1527580959722606112', null, null, '1');
INSERT INTO `t_operate_log` VALUES ('1532698744536564274', '更新角色', 'com.cctc.fast.portal.system.controller.SysRoleController', 'editSysRole', '{\"menus\":[\"123\",\"1\",\"1528104999002585644\",\"1531201657813923387\",\"1531201717822487033\",\"1531201770612519935\",\"2\",\"3\",\"1531202079021306414\",\"1531202135171547628\",\"1531202201788356156\",\"1531195302090217769\",\"1528104973509143369\",\"1531202288457417248\",\"1531202323723549279\",\"1531202347682352347\",\"1531202415345764695\",\"1529482917795826300\",\"1529483109634629452\",\"1531202491142842485\",\"1531202508889626221\",\"1531202555978588688\",\"4\",\"1528705433275863108\",\"1528786741978959110\",\"1529377915848289205\",\"1531792462694547971\",\"1531985188713442428\",\"1529027586706587995\",\"1529027692074617899\",\"1529038764124586957\",\"1531202640324471708\",\"1531202669794980069\",\"1530517115342822760\",\"1532052283052466832\",\"1530080000602165699\",\"1530088199056837845\",\"1530088563017119925\",\"1532433412350763513\",\"1532697674141536717\",\"1532698559948666063\",\"1532698668187442666\",\"1532698691914523160\",\"1532698727449172429\"],\"roleDesc\":\"超级管理员\",\"roleId\":\"1528188405010798697\",\"roleName\":\"超级管理员\",\"updateTime\":\"1532698744352\",\"updateUserId\":\"1527580959722606112\"}', '127.0.0.1', '185', '0', null, '1532698744537', '1527580959722606112', null, null, '1');

-- ----------------------------
-- Table structure for `t_sys_menu`
-- ----------------------------
DROP TABLE IF EXISTS `t_sys_menu`;
CREATE TABLE `t_sys_menu` (
  `menu_id` varchar(50) NOT NULL COMMENT '主键',
  `p_menu_id` varchar(50) default NULL COMMENT '上级菜单编号',
  `menu_name` varchar(50) default NULL COMMENT '菜单名称',
  `menu_code` varchar(50) default NULL COMMENT '菜单权限编码',
  `menu_type` char(2) default NULL COMMENT '菜单类型  0 模块 1菜单 2按钮',
  `menu_state` varchar(50) default NULL COMMENT '菜单展开状态',
  `menu_url` varchar(50) default NULL COMMENT '菜单路径',
  `menu_icon` varchar(50) default NULL COMMENT '菜单图标',
  `menu_open_style` varchar(50) default NULL COMMENT '菜单打开方式  不设置的情况下以窗口形式打开，可选参数：_blank。',
  `menu_sort` int(11) default NULL COMMENT '排序',
  `create_time` bigint(20) default NULL COMMENT '创建时间',
  `create_user_id` varchar(36) default NULL COMMENT '创建人',
  `update_time` bigint(20) default NULL COMMENT '更新时间',
  `update_user_id` varchar(36) default NULL COMMENT '更新人',
  `delete_flag` int(11) default NULL COMMENT '软删除标识 0已删除 1未删除',
  PRIMARY KEY  (`menu_id`)
) ENGINE=InnoDB DEFAULT CHARSET=utf8 COMMENT='功能菜单表';

-- ----------------------------
-- Records of t_sys_menu
-- ----------------------------
INSERT INTO `t_sys_menu` VALUES ('1', '123', '系统管理', 'system:view', '1', 'open', '', 'layui-icon-util', null, '1', null, null, '1529029872666', '1527580959722606112', '1');
INSERT INTO `t_sys_menu` VALUES ('123', '0', '基础系统', 'baseSystem', '0', null, '', 'icon-icon-401', null, '1', null, null, '1531280972877', '1527580959722606112', '1');
INSERT INTO `t_sys_menu` VALUES ('1528104973509143369', '1', '角色管理', 'sysrole:index', '2', null, 'sysrole/index', 'layui-icon-group', null, '3', '1528104973510', '1', '1528873953696', '1527580959722606112', '1');
INSERT INTO `t_sys_menu` VALUES ('1528104999002585644', '1', '菜单管理', 'sysmenu:index', '2', null, 'sysmenu/index', 'icon-icon-401', null, '1', '1528104999004', '1', '1531283383771', '1527580959722606112', '1');
INSERT INTO `t_sys_menu` VALUES ('1528705433275863108', '4', 'bodyTab模块', 'doc:bodyTabDoc', '2', null, 'doc/bodyTabDoc', 'layui-icon-note', null, '1', '1528705433281', '1', '1528874078223', '1527580959722606112', '1');
INSERT INTO `t_sys_menu` VALUES ('1528786741978959110', '4', '三级联动', 'doc:addressDoc', '2', null, 'doc/addressDoc', 'layui-icon-praise', null, '2', '1528786741986', '1', '1528874091663', '1527580959722606112', '1');
INSERT INTO `t_sys_menu` VALUES ('1529027586706587995', '123', '系统监控', 'monitor:view', '1', null, '', 'layui-icon-video', null, '4', '1529027586713', '1527580959722606112', '1529029864082', '1527580959722606112', '1');
INSERT INTO `t_sys_menu` VALUES ('1529027692074617899', '1529027586706587995', '数据库监控', 'druid:index', '2', null, 'monitor/druid/index', 'layui-icon-chart', null, '1', '1529027692074', '1527580959722606112', '1529029270238', '1527580959722606112', '1');
INSERT INTO `t_sys_menu` VALUES ('1529038764124586957', '1529027586706587995', '操作日志监控', 'operlog:index', '2', null, 'monitor/operlog/index', 'layui-icon-chart-screen', null, '2', '1529038764130', '1527580959722606112', '1530516986348', '1527580959722606112', '1');
INSERT INTO `t_sys_menu` VALUES ('1529377915848289205', '4', 'Swagger', 'doc:swagger', '2', null, 'swagger-ui.html', 'layui-icon-template', null, '3', '1529377915852', '1527580959722606112', '1529377934327', '1527580959722606112', '1');
INSERT INTO `t_sys_menu` VALUES ('1529482917795826300', '123', '基础资料', 'basic:view', '1', null, '', 'layui-icon-engine', null, '2', '1529482917804', '1527580959722606112', '1529482942725', '1527580959722606112', '1');
INSERT INTO `t_sys_menu` VALUES ('1529483109634629452', '1529482917795826300', '数据字典', 'dict:index', '2', null, 'dict/index', 'layui-icon-read', null, '1', '1529483109635', '1527580959722606112', null, null, '1');
INSERT INTO `t_sys_menu` VALUES ('1530080000602165699', '0', '业务系统', 'sellSystem', '0', null, '', 'layui-icon-theme', null, '2', '1530080000607', '1527580959722606112', '1532421233558', '1527580959722606112', '1');
INSERT INTO `t_sys_menu` VALUES ('1530088199056837845', '1530080000602165699', '会员管理', 'memberInfo', '1', 'open', '', 'layui-icon-note', null, '1', '1530088199067', '1527580959722606112', '1532421061767', '1527580959722606112', '1');
INSERT INTO `t_sys_menu` VALUES ('1530088563017119925', '1530088199056837845', '会员列表', 'memberInfo:index', '2', null, 'memberInfo/index', 'icon-guanbiqita', null, '1', '1530088563017', '1527580959722606112', '1532433355693', '1527580959722606112', '1');
INSERT INTO `t_sys_menu` VALUES ('1530517115342822760', '1529027586706587995', '系统消息', 'notice:index', '2', null, 'notice/index', 'layui-icon-user', null, '3', '1530517115347', '1527580959722606112', '1531808365038', '1527580959722606112', '1');
INSERT INTO `t_sys_menu` VALUES ('1531195302090217769', '2', '重置密码', 'sysuser:resetPassword', '3', null, '', '', null, '5', '1531195302095', '1527580959722606112', '1531202226316', '1527580959722606112', '1');
INSERT INTO `t_sys_menu` VALUES ('1531201657813923387', '1528104999002585644', '添加菜单', 'sysmenu:add', '3', null, '', '', null, '1', '1531201657819', '1527580959722606112', null, null, '1');
INSERT INTO `t_sys_menu` VALUES ('1531201717822487033', '1528104999002585644', '编辑菜单', 'sysmenu:edit', '3', null, '', '', null, '2', '1531201717823', '1527580959722606112', null, null, '1');
INSERT INTO `t_sys_menu` VALUES ('1531201770612519935', '1528104999002585644', '删除菜单', 'sysmenu:delete', '3', null, '', '', null, '3', '1531201770612', '1527580959722606112', null, null, '1');
INSERT INTO `t_sys_menu` VALUES ('1531202079021306414', '2', '编辑用户', 'sysuser:edit', '3', null, '', '', null, '2', '1531202079022', '1527580959722606112', null, null, '1');
INSERT INTO `t_sys_menu` VALUES ('1531202135171547628', '2', '删除用户', 'sysuser:delete', '3', null, '', '', null, '3', '1531202135173', '1527580959722606112', null, null, '1');
INSERT INTO `t_sys_menu` VALUES ('1531202201788356156', '2', '批量删除用户', 'sysuser:deleteAll', '3', null, '', '', null, '4', '1531202201788', '1527580959722606112', null, null, '1');
INSERT INTO `t_sys_menu` VALUES ('1531202288457417248', '1528104973509143369', '添加角色', 'sysrole:add', '3', null, '', '', null, '1', '1531202288458', '1527580959722606112', null, null, '1');
INSERT INTO `t_sys_menu` VALUES ('1531202323723549279', '1528104973509143369', '编辑角色', 'sysrole:edit', '3', null, '', '', null, '2', '1531202323724', '1527580959722606112', null, null, '1');
INSERT INTO `t_sys_menu` VALUES ('1531202347682352347', '1528104973509143369', '删除角色', 'sysrole:delete', '3', null, '', '', null, '3', '1531202347682', '1527580959722606112', null, null, '1');
INSERT INTO `t_sys_menu` VALUES ('1531202415345764695', '1528104973509143369', '批量删除角色', 'sysrole:deleteAll', '3', null, '', '', null, '4', '1531202415346', '1527580959722606112', null, null, '1');
INSERT INTO `t_sys_menu` VALUES ('1531202491142842485', '1529483109634629452', '添加', 'dict:add', '3', null, '', '', null, '1', '1531202491143', '1527580959722606112', null, null, '1');
INSERT INTO `t_sys_menu` VALUES ('1531202508889626221', '1529483109634629452', '编辑', 'dict:edit', '3', null, '', '', null, '2', '1531202508890', '1527580959722606112', null, null, '1');
INSERT INTO `t_sys_menu` VALUES ('1531202555978588688', '1529483109634629452', '删除', 'dict:delete', '3', null, '', '', null, '3', '1531202555979', '1527580959722606112', null, null, '1');
INSERT INTO `t_sys_menu` VALUES ('1531202640324471708', '1529038764124586957', '删除日志', 'operlog:delete', '3', null, '', '', null, '1', '1531202640325', '1527580959722606112', null, null, '1');
INSERT INTO `t_sys_menu` VALUES ('1531202669794980069', '1529038764124586957', '批量删除日志', 'operlog:deleteAll', '3', null, '', '', null, '2', '1531202669794', '1527580959722606112', null, null, '1');
INSERT INTO `t_sys_menu` VALUES ('1531381823614966003', '1530088199056837845', '测试1', '测试1', '2', null, 'websocket1', '', null, '2', '1531381823618', '1527580959722606112', null, null, '0');
INSERT INTO `t_sys_menu` VALUES ('1531792462694547971', '4', '动态添加行', 'doc:addTabRow', '2', null, 'doc/addTabRow', 'layui-icon-share', null, '4', '1531792462701', '1527580959722606112', null, null, '1');
INSERT INTO `t_sys_menu` VALUES ('1531985188713442428', '4', '多选下拉菜单', 'doc:formSelects', '2', null, 'doc/formSelects', '', null, '5', '1531985188722', '1527580959722606112', '1531987105514', '1527580959722606112', '1');
INSERT INTO `t_sys_menu` VALUES ('1532052283052466832', '1529027586706587995', '任务调度', 'schedule', '2', null, '/uncode/schedule', 'layui-icon-chart', null, '4', '1532052283056', '1527580959722606112', '1532052306692', '1527580959722606112', '1');
INSERT INTO `t_sys_menu` VALUES ('1532433412350763513', '1530088199056837845', '会员登记', 'memberInfo:add', '2', null, 'memberInfo/toadd', '', null, '2', '1532433412365', '1527580959722606112', null, null, '1');
INSERT INTO `t_sys_menu` VALUES ('1532697674141536717', '1530088199056837845', '会员等级', 'memberLevel:index', '2', null, 'memberLevel/index', 'layui-icon-prev-circle', null, '3', '1532697674146', '1527580959722606112', '1532697796965', '1527580959722606112', '1');
INSERT INTO `t_sys_menu` VALUES ('1532698559948666063', '1532697674141536717', '添加会员等级', 'memberLevel:add', '3', null, '', '', null, '1', '1532698559948', '1527580959722606112', '1532698614176', '1527580959722606112', '1');
INSERT INTO `t_sys_menu` VALUES ('1532698668187442666', '1532697674141536717', '编辑会员等级', 'memberLevel:edit', '3', null, '', '', null, '2', '1532698668187', '1527580959722606112', null, null, '1');
INSERT INTO `t_sys_menu` VALUES ('1532698691914523160', '1532697674141536717', '删除会员等级', 'memberLevel:delete', '3', null, '', '', null, '3', '1532698691915', '1527580959722606112', null, null, '1');
INSERT INTO `t_sys_menu` VALUES ('1532698727449172429', '1532697674141536717', '批量删除会员等级', 'memberLevel:deleteAll', '3', null, '', '', null, '4', '1532698727450', '1527580959722606112', null, null, '1');
INSERT INTO `t_sys_menu` VALUES ('2', '1', '用户管理', 'sysuser:index', '2', null, 'sysuser/index', 'layui-icon-friends', null, '2', null, null, '1529029965851', '1527580959722606112', '1');
INSERT INTO `t_sys_menu` VALUES ('3', '2', '添加用户', 'sysuser:add', '3', null, '', '3', null, '1', null, null, '1531200461769', '1527580959722606112', '1');
INSERT INTO `t_sys_menu` VALUES ('4', '123', '文档管理', 'doc:view', '1', null, '', 'icon-mokuai', null, '3', null, null, '1529029877778', '1527580959722606112', '1');

-- ----------------------------
-- Table structure for `t_sys_role`
-- ----------------------------
DROP TABLE IF EXISTS `t_sys_role`;
CREATE TABLE `t_sys_role` (
  `role_id` varchar(50) NOT NULL COMMENT '主键',
  `role_name` varchar(50) default NULL COMMENT '角色名称',
  `role_desc` varchar(200) default NULL COMMENT '角色描述',
  `create_time` bigint(20) default NULL COMMENT '创建时间',
  `create_user_id` varchar(36) default NULL COMMENT '创建人',
  `update_time` bigint(20) default NULL COMMENT '更新时间',
  `update_user_id` varchar(36) default NULL COMMENT '更新人',
  `delete_flag` int(11) default NULL COMMENT '软删除标识 0已删除 1未删除',
  PRIMARY KEY  (`role_id`)
) ENGINE=InnoDB DEFAULT CHARSET=utf8 COMMENT='角色表';

-- ----------------------------
-- Records of t_sys_role
-- ----------------------------
INSERT INTO `t_sys_role` VALUES ('1528188405010798697', '超级管理员', '超级管理员', '1528188405436', '1', '1532698744352', '1527580959722606112', '1');
INSERT INTO `t_sys_role` VALUES ('1530150339737846528', '测试', '测试', '1530150339740', '1527580959722606112', null, null, '0');
INSERT INTO `t_sys_role` VALUES ('1530150778590653443', '测试', '1', '1530150778591', '1527580959722606112', '1530150810151', '1527580959722606112', '0');

-- ----------------------------
-- Table structure for `t_sys_role_menu`
-- ----------------------------
DROP TABLE IF EXISTS `t_sys_role_menu`;
CREATE TABLE `t_sys_role_menu` (
  `role_menu_id` varchar(50) NOT NULL COMMENT '主键',
  `role_id` varchar(50) default NULL COMMENT '角色主键',
  `menu_id` varchar(50) default NULL COMMENT '菜单主键',
  `create_time` bigint(20) default NULL COMMENT '创建时间',
  `create_user_id` varchar(36) default NULL COMMENT '创建人',
  `update_time` bigint(20) default NULL COMMENT '更新时间',
  `update_user_id` varchar(36) default NULL COMMENT '更新人',
  `delete_flag` int(11) default NULL COMMENT '软删除标识 0已删除 1未删除',
  PRIMARY KEY  (`role_menu_id`)
) ENGINE=InnoDB DEFAULT CHARSET=utf8 COMMENT='角色和功能菜单关联表';

-- ----------------------------
-- Records of t_sys_role_menu
-- ----------------------------
INSERT INTO `t_sys_role_menu` VALUES ('1532698744362105622', '1528188405010798697', '1531202135171547628', '1532698744388', '1527580959722606112', null, null, '1');
INSERT INTO `t_sys_role_menu` VALUES ('1532698744362111529', '1528188405010798697', '1531201717822487033', '1532698744375', '1527580959722606112', null, null, '1');
INSERT INTO `t_sys_role_menu` VALUES ('1532698744362112939', '1528188405010798697', '1529482917795826300', '1532698744439', '1527580959722606112', null, null, '1');
INSERT INTO `t_sys_role_menu` VALUES ('1532698744362119477', '1528188405010798697', '1528104973509143369', '1532698744403', '1527580959722606112', null, null, '1');
INSERT INTO `t_sys_role_menu` VALUES ('1532698744362152268', '1528188405010798697', '1529027692074617899', '1532698744476', '1527580959722606112', null, null, '1');
INSERT INTO `t_sys_role_menu` VALUES ('1532698744362175951', '1528188405010798697', '1531201657813923387', '1532698744372', '1527580959722606112', null, null, '1');
INSERT INTO `t_sys_role_menu` VALUES ('1532698744362185052', '1528188405010798697', '1531202201788356156', '1532698744392', '1527580959722606112', null, null, '1');
INSERT INTO `t_sys_role_menu` VALUES ('1532698744362185385', '1528188405010798697', '1531195302090217769', '1532698744395', '1527580959722606112', null, null, '1');
INSERT INTO `t_sys_role_menu` VALUES ('1532698744362212246', '1528188405010798697', '1531202415345764695', '1532698744437', '1527580959722606112', null, null, '1');
INSERT INTO `t_sys_role_menu` VALUES ('1532698744362235404', '1528188405010798697', '1528104999002585644', '1532698744368', '1527580959722606112', null, null, '1');
INSERT INTO `t_sys_role_menu` VALUES ('1532698744362239932', '1528188405010798697', '1529027586706587995', '1532698744474', '1527580959722606112', null, null, '1');
INSERT INTO `t_sys_role_menu` VALUES ('1532698744362267771', '1528188405010798697', '1531202669794980069', '1532698744496', '1527580959722606112', null, null, '1');
INSERT INTO `t_sys_role_menu` VALUES ('1532698744362274297', '1528188405010798697', '3', '1532698744383', '1527580959722606112', null, null, '1');
INSERT INTO `t_sys_role_menu` VALUES ('1532698744362289312', '1528188405010798697', '1529377915848289205', '1532698744464', '1527580959722606112', null, null, '1');
INSERT INTO `t_sys_role_menu` VALUES ('1532698744362313435', '1528188405010798697', '1531202491142842485', '1532698744445', '1527580959722606112', null, null, '1');
INSERT INTO `t_sys_role_menu` VALUES ('1532698744362329397', '1528188405010798697', '1530517115342822760', '1532698744499', '1527580959722606112', null, null, '1');
INSERT INTO `t_sys_role_menu` VALUES ('1532698744362355339', '1528188405010798697', '1531202347682352347', '1532698744434', '1527580959722606112', null, null, '1');
INSERT INTO `t_sys_role_menu` VALUES ('1532698744362366044', '1528188405010798697', '1532698727449172429', '1532698744525', '1527580959722606112', null, null, '1');
INSERT INTO `t_sys_role_menu` VALUES ('1532698744362381850', '1528188405010798697', '2', '1532698744380', '1527580959722606112', null, null, '1');
INSERT INTO `t_sys_role_menu` VALUES ('1532698744362390247', '1528188405010798697', '1531792462694547971', '1532698744467', '1527580959722606112', null, null, '1');
INSERT INTO `t_sys_role_menu` VALUES ('1532698744362411122', '1528188405010798697', '1531985188713442428', '1532698744471', '1527580959722606112', null, null, '1');
INSERT INTO `t_sys_role_menu` VALUES ('1532698744362475795', '1528188405010798697', '1532698559948666063', '1532698744515', '1527580959722606112', null, null, '1');
INSERT INTO `t_sys_role_menu` VALUES ('1532698744362504074', '1528188405010798697', '1532433412350763513', '1532698744510', '1527580959722606112', null, null, '1');
INSERT INTO `t_sys_role_menu` VALUES ('1532698744362512398', '1528188405010798697', '1530088199056837845', '1532698744506', '1527580959722606112', null, null, '1');
INSERT INTO `t_sys_role_menu` VALUES ('1532698744362538653', '1528188405010798697', '1530088563017119925', '1532698744508', '1527580959722606112', null, null, '1');
INSERT INTO `t_sys_role_menu` VALUES ('1532698744362538762', '1528188405010798697', '123', '1532698744362', '1527580959722606112', null, null, '1');
INSERT INTO `t_sys_role_menu` VALUES ('1532698744362564311', '1528188405010798697', '1531202079021306414', '1532698744385', '1527580959722606112', null, null, '1');
INSERT INTO `t_sys_role_menu` VALUES ('1532698744362592809', '1528188405010798697', '1531202323723549279', '1532698744432', '1527580959722606112', null, null, '1');
INSERT INTO `t_sys_role_menu` VALUES ('1532698744362630922', '1528188405010798697', '4', '1532698744455', '1527580959722606112', null, null, '1');
INSERT INTO `t_sys_role_menu` VALUES ('1532698744362660509', '1528188405010798697', '1532697674141536717', '1532698744513', '1527580959722606112', null, null, '1');
INSERT INTO `t_sys_role_menu` VALUES ('1532698744362696420', '1528188405010798697', '1531201770612519935', '1532698744378', '1527580959722606112', null, null, '1');
INSERT INTO `t_sys_role_menu` VALUES ('1532698744362727505', '1528188405010798697', '1', '1532698744366', '1527580959722606112', null, null, '1');
INSERT INTO `t_sys_role_menu` VALUES ('1532698744362733207', '1528188405010798697', '1528705433275863108', '1532698744457', '1527580959722606112', null, null, '1');
INSERT INTO `t_sys_role_menu` VALUES ('1532698744362748317', '1528188405010798697', '1529038764124586957', '1532698744480', '1527580959722606112', null, null, '1');
INSERT INTO `t_sys_role_menu` VALUES ('1532698744362779334', '1528188405010798697', '1531202288457417248', '1532698744429', '1527580959722606112', null, null, '1');
INSERT INTO `t_sys_role_menu` VALUES ('1532698744362817639', '1528188405010798697', '1530080000602165699', '1532698744504', '1527580959722606112', null, null, '1');
INSERT INTO `t_sys_role_menu` VALUES ('1532698744362831021', '1528188405010798697', '1531202508889626221', '1532698744449', '1527580959722606112', null, null, '1');
INSERT INTO `t_sys_role_menu` VALUES ('1532698744362848441', '1528188405010798697', '1531202555978588688', '1532698744452', '1527580959722606112', null, null, '1');
INSERT INTO `t_sys_role_menu` VALUES ('1532698744362857062', '1528188405010798697', '1529483109634629452', '1532698744442', '1527580959722606112', null, null, '1');
INSERT INTO `t_sys_role_menu` VALUES ('1532698744362911714', '1528188405010798697', '1531202640324471708', '1532698744492', '1527580959722606112', null, null, '1');
INSERT INTO `t_sys_role_menu` VALUES ('1532698744362924754', '1528188405010798697', '1532698668187442666', '1532698744518', '1527580959722606112', null, null, '1');
INSERT INTO `t_sys_role_menu` VALUES ('1532698744362970842', '1528188405010798697', '1528786741978959110', '1532698744460', '1527580959722606112', null, null, '1');
INSERT INTO `t_sys_role_menu` VALUES ('1532698744362974087', '1528188405010798697', '1532052283052466832', '1532698744501', '1527580959722606112', null, null, '1');
INSERT INTO `t_sys_role_menu` VALUES ('1532698744362998293', '1528188405010798697', '1532698691914523160', '1532698744522', '1527580959722606112', null, null, '1');

-- ----------------------------
-- Table structure for `t_sys_user`
-- ----------------------------
DROP TABLE IF EXISTS `t_sys_user`;
CREATE TABLE `t_sys_user` (
  `user_id` varchar(50) NOT NULL COMMENT '主键',
  `user_account` varchar(50) default NULL COMMENT '用户帐号',
  `user_password` varchar(50) default NULL COMMENT '用户密码',
  `salt` varchar(50) default NULL COMMENT '加密盐',
  `user_name` varchar(50) default NULL COMMENT '用户姓名',
  `user_nick_name` varchar(50) default NULL COMMENT '用户昵称',
  `user_mobile` varchar(20) default NULL COMMENT '手机号',
  `user_email` varchar(64) default NULL COMMENT '电子邮箱',
  `user_sex` char(2) default NULL COMMENT '用户性别 0 女 1男',
  `user_image` varchar(500) default NULL COMMENT '用户头像',
  `user_desc` varchar(500) default NULL COMMENT '用户描述',
  `create_time` bigint(20) default NULL COMMENT '创建时间',
  `create_user_id` varchar(36) default NULL COMMENT '创建人',
  `update_time` bigint(20) default NULL COMMENT '更新时间',
  `update_user_id` varchar(36) default NULL COMMENT '更新人',
  `delete_flag` int(11) default NULL COMMENT '软删除标识 0已删除 1未删除',
  PRIMARY KEY  (`user_id`)
) ENGINE=InnoDB DEFAULT CHARSET=utf8 COMMENT='用户表';

-- ----------------------------
-- Records of t_sys_user
-- ----------------------------
INSERT INTO `t_sys_user` VALUES ('1527580959722606112', 'cctc', '59cc817a9337a223a3df69382752c476', 'd4c3aa', 'Hejeo', 'Hejeo', '18691834124', '83665832@qq.com', '0', '1529105866669.jpg', '用户介绍', '1527580972775', '1', '1531188084886', '1527580959722606112', '1');
INSERT INTO `t_sys_user` VALUES ('1527582255439676960', '231', '1f279313a859dab73d100b2b03cbf84a', '37bed6', '3123', '132', '18691832121', '81@qq.com', '0', null, '1', '1527582255441', '1', '1531199302098', '1527580959722606112', '1');
INSERT INTO `t_sys_user` VALUES ('1527643826399313090', '13', '3c13c246cb832d6325886c9657993cec', 'e80aca', '13', '13', '18691834124', '856@qq.com', '0', null, '', '1527643826402', '1', '1531199313677', '1527580959722606112', '1');
INSERT INTO `t_sys_user` VALUES ('1528276328546326168', '12313213213213', '123456', null, '大大小小', 'Hejeo', '18691834124', '83665832@qq.com', '1', null, '', '1528276328976', '1', '1528277839557', '1', '1');
INSERT INTO `t_sys_user` VALUES ('1529034518957540379', '11', '123456', null, '111', '11', '18691834124', '83665832@qq.com', '1', null, '111', '1529034519106', '1527580959722606112', null, null, '1');
INSERT INTO `t_sys_user` VALUES ('1529650411434823361', '1', '123456', null, '1', '1', '18691834124', '83665832@qq.com', null, null, '', '1529650411442', '1527580959722606112', null, null, '0');
INSERT INTO `t_sys_user` VALUES ('1529650485612271242', '1', '123456', null, '1', '1', '18691834124', '83665832@qq.com', '0', null, '', '1529650485613', '1527580959722606112', '1529651014708', '1527580959722606112', '1');
INSERT INTO `t_sys_user` VALUES ('1530693140280849841', 'ce', '23938cb380f9e9da49c0161f51e61bcb', '1a4482', '大大小小', 'Hejeo', '18691834124', '83665832@qq.com', '0', null, 'dsa ', '1530693140287', '1527580959722606112', '1531211278249', '1527582255439676960', '1');

-- ----------------------------
-- Table structure for `t_sys_user_role`
-- ----------------------------
DROP TABLE IF EXISTS `t_sys_user_role`;
CREATE TABLE `t_sys_user_role` (
  `user_role_id` varchar(50) NOT NULL COMMENT '主键',
  `user_id` varchar(50) default NULL COMMENT '用户主键',
  `role_id` varchar(50) default NULL COMMENT '角色主键',
  `create_time` bigint(20) default NULL COMMENT '创建时间',
  `create_user_id` varchar(36) default NULL COMMENT '创建人',
  `update_time` bigint(20) default NULL COMMENT '更新时间',
  `update_user_id` varchar(36) default NULL COMMENT '更新人',
  `delete_flag` int(11) default NULL COMMENT '软删除标识 0已删除 1未删除',
  PRIMARY KEY  (`user_role_id`)
) ENGINE=InnoDB DEFAULT CHARSET=utf8 COMMENT='用户角色关联表';

-- ----------------------------
-- Records of t_sys_user_role
-- ----------------------------
INSERT INTO `t_sys_user_role` VALUES ('123', '1527580959722606112', '1528188405010798697', null, null, null, null, '1');
INSERT INTO `t_sys_user_role` VALUES ('1530693140308239345', '1530693140280849841', '1528188405010798697', '1530693140311', '1527580959722606112', null, null, '1');
